UniprotAccession,abundance
J3QQ02,17.24471092224121
Q8BFY9,34.31509780883789
Q9R257,196.41932678222656
O89020,16.589054107666016
Q9JLI0,30.565807342529297
Q6ZWY8,10.359164237976074
P49182,8.966033935546875
P43024,100.25692749023438
Q99KY4,6.836599826812744
P07724,5112.58447265625
P01132,1.7748303413391113
O08807,260.2329406738281
Q00897,151.83319091796875
Q9R190,15.853885650634766
P62245,537.375244140625
Q8R1A4,4.1129326820373535
Q8BHA3,15.680437088012695
Q99NB9,73.93736267089844
O08997,87.41778564453125
P62852,458.3946228027344
Q9Z1K5,5.863973140716553
Q9CQH7,129.9468994140625
Q9QZ85,32.73175048828125
O08599,14.524845123291016
Q9JLB9,2.7711915969848633
Q9DAA6,2.754530906677246
Q570Y9,5.518694877624512
A0A087WPY5,6.667187690734863
Q5I0W6,23.642892837524414
P51655,3.1542134284973145
Q9R269,1.726276159286499
Q9DCJ9,6.427829742431641
P97390,8.012064933776855
Q64462,40.97836685180664
Q9Z2P8,5.360476970672607
A7VMS2,4.069671154022217
Q9JIL4,496.74176025390625
A3KGB4,5.267175674438477
Q3U0V1,95.01907348632812
P13597,6.837506294250488
P23708,6.4227142333984375
Q6NSR8,23.104848861694336
Q03141,3.6380372047424316
Q9CWF2,257.5101013183594
Q61767,32.10701370239258
P51125,78.09369659423828
P35922,7.02945613861084
Q8BH24,11.478320121765137
Q9CQF4,11.244550704956055
Q9WTX8,3.8946452140808105
Q9CZJ2,3.03629732131958
Q80VQ1,2.711857318878174
Q8C3K6,2.1854665279388428
P83877,4.099048614501953
Q8BWW4,7.524823188781738
Q6ZQ58,9.633417129516602
Q8BXZ1,10.024224281311035
Q9WTZ1,13.602270126342773
Q9D0F9,325.0567932128906
E9PZQ0,2.0205554962158203
Q3THK3,2.3196094036102295
Q9D938,3.955447196960449
O89103,5.5368852615356445
Q8CFI0,2.1085116863250732
Q62009,4.522171497344971
P11438,24.51753807067871
Q9CY64,79.74944305419922
Q9JJL8,5.766513347625732
O08638,182.62750244140625
Q9CQI6,151.3518524169922
D3YUJ3,2.635840892791748
Q61702,20.163454055786133
P47738,2018.461669921875
Q61990,229.71115112304688
Q8BTI9,0.9653589725494385
Q91ZR1,3.876220703125
Q9D2G2,357.88494873046875
O55023,60.200531005859375
Q3TJZ6,29.01432991027832
O88848,5.638704776763916
Q8BJZ4,36.386295318603516
Q9QXN5,7.214465141296387
F6U5V1,4.409497261047363
Q8BH35,12.963590621948242
Q80U95,7.314597129821777
Q3UVL4,2.266828775405884
B2RT41,3.0747060775756836
O35379,5.157115936279297
P60843,606.9282836914062
Q91VE0,7.283442497253418
Q9CQM9,173.33641052246094
Q61543,40.19328689575195
O35737,97.90199279785156
O89110,5.340856552124023
Q8BG32,284.45306396484375
Q9ER67,4.561646461486816
Q9D291,4.082091331481934
Q8BWT1,2310.281005859375
P46460,58.656253814697266
A2RSY6,1.19590425491333
P24270,1602.9290771484375
Q8BGV0,4.983555316925049
Q8BTU1,1.729677438735962
Q9D5J6,14.320242881774902
Q99MZ7,509.255859375
P00493,100.32192993164062
Q62348,30.250600814819336
Q9D8W5,142.5417938232422
Q9JHR7,124.08394622802734
P25444,191.7345428466797
O88325,14.09533977508545
Q99MN9,398.4830627441406
Q80XH1,14.782546997070312
A2A432,11.673840522766113
Q61335,177.80018615722656
Q8JZN5,175.74517822265625
P28867,4.274170875549316
O35900,40.20785140991211
P10854,152.668701171875
Q9R062,12.278948783874512
Q920E5,138.3129425048828
Q9NYQ2,52.87546920776367
Q8BU85,0.5840290784835815
Q8C3X8,8.077229499816895
Q8VCH8,11.078523635864258
Q9D8S9,38.86065673828125
D3Z5G7,24.179197311401367
Q99KF1,43.19906234741211
Q8BGR9,4.40659236907959
Q811Q9,3.466433525085449
Q9JIK5,57.88746643066406
Q6NVD0,1.8869812488555908
P50544,1008.9976806640625
Q9EQU5,181.13699340820312
D3Z3N4,23.578460693359375
Q9CR20,9.755675315856934
Q60902,13.525036811828613
Q9QYF1,34.31736373901367
Q8K1M6,80.6055679321289
P62069,0.6801217794418335
P62874,166.36688232421875
Q9JKB3,16.728261947631836
Q8BYZ7,1.7869455814361572
Q9D483,5.649983882904053
P57016,1.2414593696594238
Q8VHE0,65.84263610839844
O09005,2.9706785678863525
P62264,688.3975830078125
Q9DAI2,1.0913646221160889
E0CYR6,2.36730694770813
E9Q9P8,119.40409851074219
P08207,45.247135162353516
Q9D8Y1,12.102762222290039
Q8K0L3,138.54441833496094
Q8R3G1,10.329681396484375
Q6P1B1,141.07223510742188
G3X922,41.46517562866211
Q9CQ71,10.0402193069458
Q3V0K9,32.92483901977539
Q99KK2,63.777015686035156
A0A1Y7VLT7,9.488245010375977
Q61937,296.1614074707031
Q6PGF5,21.874357223510742
Q9Z0F7,2.683929443359375
A6X935,175.5301971435547
P62141,74.32072448730469
E9Q9K8,2.6609737873077393
P60334,7.089929580688477
E9Q137,10.723231315612793
Q9Z0J0,64.5522232055664
P06869,7.715755462646484
Q9CQF9,158.9730987548828
Q8BFU2,103.33831787109375
Q80V42,2.720963478088379
Q8R216,0.7369580268859863
Q8BRK9,4.973507881164551
P29594,1.0692873001098633
Q8BH66,0.6736174821853638
Q9D081,2.406090021133423
Q64687,4.751404285430908
P19253,382.7261047363281
Q8QZR3,376.8379211425781
P09470,7.158570289611816
Q8VCI0,24.97258186340332
Q8BH86,50.52583694458008
P47955,311.6037292480469
P62309,65.91230010986328
Q9JJW6,67.5276870727539
Q9QZX7,3.9889321327209473
P54276,0.7983851432800293
Q80UK0,1.1446995735168457
B2RXR6,2.3584043979644775
Q8BIQ5,10.191807746887207
Q8BZJ7,0.5351841449737549
Q9ERU3,16.62643814086914
Q921B4,3.4191274642944336
Q8R127,4.1128764152526855
Q8K386,22.94318199157715
Q9JM52,0.5775834321975708
Q3URS9,8.958771705627441
Q8BX20,4.90252161026001
O54890,1.438023328781128
O89079,217.38372802734375
Q5M8N0,1.9679288864135742
Q9CR30,2.5837604999542236
P27046,49.929134368896484
Q8BQZ4,4.53146505355835
Q8BZA9,6.3582048416137695
Q8BGX0,1.106656789779663
O54790,7.617860794067383
O88441,98.03758239746094
Q9JHP7,0.42683708667755127
Q61548,1.3220868110656738
P70452,22.342391967773438
Q9CR09,57.45785140991211
Q8C4V1,3.0830225944519043
Q9CXJ1,3.445261001586914
P08905,5.994541168212891
Q80TE0,3.924832344055176
Q99KC7,5.739023208618164
O54865,2.997711658477783
P58466,1.7048923969268799
Q9CQE8,139.36358642578125
Q6GQT9,167.62298583984375
Q9JKR6,853.2079467773438
Q8BX90,25.036924362182617
Q9D7P6,27.441495895385742
P14152,1354.8017578125
Q3V1T4,3.8568902015686035
P0DP26,98.49246978759766
O70274,5.788558483123779
Q9CQY1,37.13752365112305
Q9JJH1,7.219646453857422
Q99KK7,204.2617645263672
Q8K310,45.677433013916016
P30416,588.149169921875
Q8K0H5,2.8935835361480713
P62818,39.0744514465332
Q9DCU2,7.2158403396606445
Q61830,72.93263244628906
Q3UGR5,81.25225067138672
Q9CQJ4,0.6879208087921143
Q8BQ48,4.129122734069824
Q99104,0.4432845115661621
Q8BTS4,7.257777214050293
Q69ZU6,2.030937433242798
Q8R4N0,167.8558807373047
Q62393,117.61942291259766
P56213,25.36323356628418
A2BDX3,7.094511032104492
P05213,469.8719482421875
Q50H33,3.358872413635254
Q9DAD6,16.907146453857422
Q9WV98,38.31163024902344
P62342,10.024230003356934
O89106,14.101991653442383
Q8BRH0,2.7104856967926025
Q923D2,131.02378845214844
Q8C561,1.8145573139190674
Q8BGG9,14.257762908935547
P29595,28.830097198486328
Q5SF07,3.280379295349121
O08583,30.910425186157227
Q99K01,44.002906799316406
Q8K3D3,2.300898551940918
Q8BZQ7,2.060044765472412
Q8BG05,210.54905700683594
Q8K337,2.9798476696014404
O55047,1.1565241813659668
Q9DBE0,322.1697082519531
Q9JLI3,4.357423782348633
P63242,768.1716918945312
Q9JHQ5,2.615248918533325
Q7TNS2,24.911991119384766
Q9EPB5,15.716936111450195
Q8BGB2,2.1179986000061035
Q9WTM5,25.06740951538086
Q62264,42.07612991333008
P35550,136.63430786132812
Q8K2Z4,1.065730333328247
P70195,199.59616088867188
Q9CQP0,9.0286865234375
B2RY56,12.247810363769531
Q04899,1.0361320972442627
Q8BTM8,552.9696044921875
Q9JL62,1.722104549407959
Q60967,17.03721809387207
P62962,547.2361450195312
O35245,1.8305773735046387
P05063,28.11134147644043
P70677,19.134197235107422
Q8BXK9,21.182132720947266
Q8C570,12.072836875915527
Q9QYI4,7.199977874755859
F8VPK0,29.86925506591797
P54775,137.07666015625
P15947,12.458150863647461
A2AJL3,16.682723999023438
Q8K3K7,50.25382995605469
Q9WUP7,33.29093933105469
Q9CZS1,143.25633239746094
Q9QUR7,12.631455421447754
Q9CSN1,28.51058006286621
Q3TWL2,7.152569770812988
Q9DCL9,79.5393295288086
Q80U72,3.9697413444519043
Q8BWY3,74.096923828125
D0G895,1.061741590499878
Q3U186,18.470991134643555
Q921G7,816.3604125976562
Q8C4B4,4.361545085906982
Q9Z2V5,5.209850788116455
F6V5V4,33.25324249267578
Q641P0,7.168642997741699
Q9ES64,1.7867848873138428
O70131,4.927642822265625
Q91W53,8.239315032958984
Q923D4,54.32271194458008
P99025,22.39167022705078
P56480,2942.100341796875
Q99LL5,3.9359374046325684
Q8BYW9,0.43998849391937256
Q5U452,3.6903457641601562
Q8CBY8,6.671327590942383
P70441,81.68006896972656
Q60855,4.715476989746094
Q64511,60.609619140625
P23506,57.82539749145508
Q9CRA8,8.046676635742188
Q61635,15.951471328735352
Q9ERL7,9.516179084777832
Q9ESN9,1.434873104095459
P97449,209.76878356933594
Q9DBF1,538.8807983398438
A0A0R4J157,4.42466926574707
P58321,26.447891235351562
Q99KN2,10.888580322265625
Q9DBR2,2.7486493587493896
Q8CBY0,6.952789783477783
Q68EF0,2.3201870918273926
P49935,106.6376724243164
Q9QXC1,10.976401329040527
Q8BZB2,2.437453508377075
Q9CQM2,6.385119915008545
P62880,83.99624633789062
Q9WTR5,1.2940163612365723
P59481,1.4621901512145996
Q9CQB5,46.1497917175293
Q8K2T4,16.368566513061523
Q63880,263.51019287109375
A2ARA8,4.924962997436523
S4R1M9,1.8464200496673584
Q62188,21.112628936767578
Q60829,12.025277137756348
Q9CPP6,269.34783935546875
D3YWX2,33.45018005371094
P27600,6.639620304107666
Q920A5,41.168121337890625
P14901,17.87180519104004
Q8K4I3,5.328094005584717
P43275,142.28883361816406
Q9QZ23,32.124454498291016
Q8BYP3,2.039170980453491
O55234,167.4202880859375
Q5YD48,54.80115509033203
Q9DCT5,8.902958869934082
G5E895,22.157546997070312
P59325,85.27165985107422
Q99NI3,3.6957993507385254
Q9Z210,6.983408451080322
P51660,394.1935729980469
P62270,326.806884765625
P62715,32.097225189208984
Q9QZB9,5.959995746612549
Q9Z247,1.2682766914367676
Q7TSC1,6.8786797523498535
Q68FD5,1334.451171875
Q9D2R0,51.3121452331543
E9Q401,1.191800594329834
E9Q7L0,13.827455520629883
Q9JKL4,18.44022560119629
Q9QYF9,4.225662708282471
E9Q8I9,4.698332786560059
Q9WVH9,15.463186264038086
O35988,7.012567520141602
P61514,274.38739013671875
Q8VCW8,635.5252075195312
Q9D2U9,87.974365234375
Q3TWN3,3.2802677154541016
Q501J6,49.063072204589844
P43277,28.38658905029297
O70456,57.505348205566406
Q3TLI0,2.0448317527770996
Q9JI48,41.70145034790039
Q9DB29,130.0870819091797
Q9D1I5,97.90989685058594
O08716,24.970521926879883
Q91XL9,2.4518513679504395
Q925E7,2.781907796859741
Q8C5W3,6.697770118713379
Q64435,20.46135139465332
P20108,550.7527465820312
Q9DCK3,12.457718849182129
Q64436,10.401622772216797
P51807,3.4991612434387207
Q9D1N9,17.59302520751953
Q9CXZ1,177.68214416503906
Q9CXJ4,7.898651123046875
E9Q411,9.38039493560791
Q9CXV9,0.7645418643951416
P0CW02,5.339962005615234
Q91ZX7,97.95486450195312
Q99J56,14.790069580078125
Q9D7J4,23.897750854492188
Q9R0E2,4.672957420349121
Q9DCY0,277.4438781738281
P21995,1.6882731914520264
Q9CQW1,27.03388023376465
Q8BHG9,2.835771322250366
Q99LY9,158.7250213623047
Q9EPK8,4.241738319396973
Q3UJB0,90.56297302246094
Q9EQ20,1192.791259765625
P11679,838.8062133789062
Q7TMR0,7.581879615783691
E9Q3L2,19.97918128967285
Q9Z0V8,25.551259994506836
Q8BZ98,11.923175811767578
Q03249,3.660595417022705
Q8BUV3,33.20609664916992
Q9D0Z3,1.7996258735656738
Q80YT7,1.766754150390625
Q9CQN6,56.82575607299805
Q8C341,6.843548774719238
Q9CZR8,106.7744369506836
Q6A078,1.3796894550323486
Q3TLP5,161.72361755371094
Q9JLJ2,747.7699584960938
Q9CR24,7.389596939086914
Q5XG73,18.37628173828125
Q8VC52,22.069063186645508
P29351,18.170425415039062
Q8BGY2,258.2062683105469
P49222,4.601084232330322
Q5SW19,184.66810607910156
Q8CFQ3,2.424948215484619
P59016,3.127833366394043
P39876,1.0513560771942139
P12242,9.435100555419922
Q8K1R7,1.4919593334197998
Q8VE97,16.48674774169922
Q921M4,39.97947311401367
Q9Z0E6,15.986888885498047
O35250,6.0153069496154785
Q8VI36,16.113405227661133
P00015,25.953189849853516
P55302,120.73103332519531
Q3ULW8,10.206871032714844
Q9QZU9,7.989597320556641
Q9ET54,8.56505298614502
P97386,2.114725351333618
Q8K411,183.5323486328125
P31938,35.70781707763672
Q9CZL5,38.07011413574219
Q8BMJ2,135.70387268066406
Q9CZL2,3.509322166442871
Q9DCP4,6.36774206161499
Q6P2K6,2.515608787536621
G3UWD9,2.7434768676757812
Q91V01,7.181497573852539
Q9CZG3,9.003599166870117
Q9EP89,40.381935119628906
Q9CPR7,1.053133249282837
Q9CQH3,247.29884338378906
Q8C165,114.46292114257812
P42232,15.537984848022461
Q8K1N1,3.547464370727539
P54923,7.86061954498291
Q8R0X7,60.478511810302734
Q91ZN5,1.8596091270446777
E9Q236,3.0093202590942383
O08759,24.253944396972656
O55229,3.072610855102539
Q8CF90,9.831196784973145
Q80TZ3,1.1631300449371338
O88455,14.76209545135498
Q9D273,16.314111709594727
Q9R0K7,2.934617519378662
Q6IFX2,85.84870910644531
Q8R1F1,24.56137466430664
Q9ERK4,169.0665740966797
Q9D8S4,15.227766036987305
Q9QXF8,435.9597473144531
P46638,198.00091552734375
Q99J39,67.00599670410156
Q8K297,7.746452331542969
Q91WR5,15.958946228027344
O09111,120.91949462890625
P28665,438.0160217285156
Q9QWG7,8.43028450012207
P14873,4.852940559387207
P54227,23.726768493652344
Q80WG5,3.3619327545166016
Q63739,8.267913818359375
Q9DCL2,2.0119314193725586
Q9JM62,121.3656005859375
Q6PH08,1.801048994064331
Q9DBG5,68.3736801147461
Q91WG4,3.546278476715088
P14206,497.5975036621094
Q9CW42,105.97295379638672
Q9CRA9,1.978231430053711
Q9D824,24.516691207885742
P41230,0.5716400146484375
Q8R4P9,4.067904949188232
P11930,70.53387451171875
Q9ERG0,23.240861892700195
O09130,1.1388607025146484
Q03734,45.90244674682617
Q8VHX6,25.2155704498291
Q8BGK0,683.7412109375
Q8R238,4.813818454742432
Q9DCZ1,1.808410406112671
Q64331,54.72661209106445
P02104,6.073480606079102
Q91Y97,3774.221435546875
Q8CIE6,461.12213134765625
P62301,379.5313720703125
O88447,7.107977867126465
Q8CAK1,10.674798965454102
P61079,26.511871337890625
P62627,11.378300666809082
Q9QXL8,0.5249853134155273
O88502,3.6937012672424316
Q8C9B9,2.1956841945648193
Q9QWH1,2.6277716159820557
Q5DTL9,3.338649272918701
P00416,37.874839782714844
Q8BGI5,5.112689971923828
O35744,4.152476787567139
Q9EQG7,1.5702486038208008
Q62172,1.090346336364746
Q8R5F3,4.125736713409424
Q6QI06,0.5717644691467285
Q9CX86,108.3450927734375
Q91W82,0.15080511569976807
P30412,21.068571090698242
Q9CR57,335.94854736328125
Q80XI4,1.0565149784088135
Q8BL63,3.409306049346924
Q3UMF0,37.78189468383789
Q9D0V7,3.910269260406494
Q9EQC5,18.26114273071289
Q9QZ08,8.188265800476074
L7N222,21.54850196838379
P0CW03,8.234577178955078
Q62028,4.3130927085876465
O88343,18.509471893310547
Q99JY0,1370.272705078125
Q9R078,16.587846755981445
Q91VD9,1071.648681640625
Q8VHR5,7.481657028198242
Q9QXD1,361.92816162109375
Q9CPV4,225.02735900878906
P97314,12.00805950164795
Q9JIZ0,18.692583084106445
B2RQC6,44.28907775878906
Q9R1P3,211.2177734375
Q9Z1F9,40.6411018371582
O70622,3.480560779571533
O35326,22.523162841796875
Q80VD1,18.413066864013672
Q8VCI5,49.96887969970703
P11589,102.63819885253906
Q9D786,1.397308349609375
Q8VEJ9,3.90017032623291
Q9D0I9,177.6851806640625
P20060,17.356264114379883
Q9CQU0,71.32162475585938
Q8C5Q4,12.591320991516113
Q8C5N5,1.5419719219207764
Q6ZPF4,2.9111971855163574
Q9D0R2,150.84176635742188
P02762,33.23360061645508
C0HKG5,26.966575622558594
Q8R0N6,73.9536361694336
P97816,12.9420747756958
Q8K3J1,88.43636322021484
Q8BKI2,0.5969283580780029
O35857,95.42430877685547
A0JNU3,4.040375709533691
Q91UZ5,2.8767449855804443
Q9R049,1.9653613567352295
Q9CR41,12.346639633178711
Q64012,45.090728759765625
Q9CWD8,5.583462715148926
P62631,172.57461547851562
Q9WVA2,17.07467269897461
P01901,35.56721496582031
P68368,347.8952331542969
Q9CQP3,7.80974006652832
Q9DCF9,33.79323959350586
E0CYC6,5.17301607131958
Q8BGX2,9.010785102844238
O88207,9.897085189819336
O54692,3.8203530311584473
O09167,266.09954833984375
Q8C142,1.1950201988220215
Q6PDM2,108.37763214111328
Q8BWG6,3.4191274642944336
Q91WC0,5.935246467590332
Q8R2R6,2.0335254669189453
Q07456,11.404544830322266
Q9CQA5,1.4947268962860107
Q5SS80,1.8214452266693115
P18052,3.7604641914367676
P07759,264.9788513183594
E9PX95,1.2896084785461426
Q8R5C5,35.608238220214844
Q9JIW9,73.470947265625
A0A0U1RPC4,253.7730255126953
Q9D6L8,3.0799365043640137
Q61334,7.4088239669799805
Q8CI78,11.573752403259277
Q9CQ19,89.26325225830078
O88735,2.538468837738037
Q62167,167.73207092285156
Q9JK95,7.227076530456543
P0C8B4,19.8465633392334
Q9CQE1,29.00492286682129
Q9CQB2,11.602320671081543
Q91VA0,396.9075927734375
Q810A3,9.192184448242188
Q99P30,497.9255065917969
J3QP87,17.24471092224121
Q924L1,8.0589599609375
Q9EQW7,1.649949550628662
S4R2L8,116.7961196899414
Q9CPZ8,12.581244468688965
Q99NB1,12.033320426940918
Q8K2D3,0.6622387170791626
P63082,9.770355224609375
Q501J7,2.769183397293091
Q8K4H1,28.342435836791992
Q9D771,2.478595733642578
P70274,4.5403971672058105
Q8VCA8,10.967354774475098
Q61147,256.8733825683594
Q03137,1.7613952159881592
Q8K5C8,82.3115234375
P21550,62.615299224853516
Q91YD9,3.212669849395752
P59764,0.6715670824050903
Q20BD0,458.13165283203125
P50405,26.08237075805664
Q8K3A0,4.407135009765625
Q9CQ02,7.769285202026367
Q8BWM0,108.1170425415039
P42225,76.19983673095703
Q0VBD0,2.674177646636963
P54869,1118.5
Q9JLN9,38.030433654785156
O88338,28.644065856933594
O35459,369.578369140625
Q60668,200.44656372070312
Q8CG14,4.951127529144287
Q9D4E6,48.09497833251953
Q9D8N0,643.4639282226562
O35943,18.902652740478516
Q9CQY5,6.935878753662109
Q04857,49.01130676269531
Q9D820,19.558311462402344
Q9CZ30,294.1974182128906
Q9D1L0,70.17037200927734
O08600,20.332883834838867
Q3TRM4,2.7952771186828613
G3UXT0,3.4191274642944336
Q8BGR6,2.3433375358581543
Q8C052,3.344487190246582
Q91VU6,4.1036834716796875
Q9WUA3,43.56673049926758
Q8R2V5,2.163341522216797
Q9CQG1,4.112147808074951
Q9CX80,11.648658752441406
P68372,657.6953125
Q8BMF3,4.436829566955566
Q791T5,8.430076599121094
Q9DB20,447.95404052734375
Q91W96,0.8036981821060181
Q5SSW2,8.61097240447998
Q9EP96,4.1240739822387695
Q6ZQA0,1.5876350402832031
P97930,17.132856369018555
Q70FJ1,10.52922248840332
P62071,19.875972747802734
Q8BGM4,3.2014737129211426
Q9JKY0,3.1362380981445312
Q99JI4,100.31653594970703
Q8BZ03,1.2118020057678223
Q5SVR0,2.11069393157959
Q4VBE8,5.557121276855469
Q9CQN7,19.637409210205078
Q91Z98,4.378558158874512
Q8VE09,6.326362133026123
H3BKF4,2.4704318046569824
Q8BHH8,6.407498836517334
Q91WK5,50.345428466796875
Q9D2V7,33.222965240478516
Q8BYL4,11.40827751159668
Q99MR3,1.6723434925079346
O54749,95.68473052978516
Q8R1I1,66.69820404052734
P62075,196.9381561279297
Q8CJ61,3.0996527671813965
Q62413,2.5790011882781982
P53811,65.39746856689453
O89104,5.025257110595703
P10833,25.353408813476562
Q9D7A8,19.437589645385742
P62915,1.5608947277069092
Q9D287,9.236922264099121
Q9EP69,103.93002319335938
P62996,110.90483856201172
O35685,63.753883361816406
P52795,5.645778656005859
Q8BGD5,5.702639102935791
O70589,9.920003890991211
P62305,51.271724700927734
Q5XPI3,5.503566741943359
G3X9G9,22.336727142333984
Q80U63,11.621991157531738
Q64521,481.8042907714844
Q64310,55.15159606933594
P14432,3.3246026039123535
P00920,475.8171691894531
P62743,30.468673706054688
Q91XU3,4.537563800811768
P47809,5.932058334350586
A0A140T8T4,219.33023071289062
Q99K30,46.59123229980469
I3ITR1,3.943784713745117
P97351,617.9598388671875
Q9CR58,1.584718942642212
P09528,527.7517700195312
Q6DYE8,2.925617218017578
Q8BVF2,6.13623571395874
Q8CFZ5,4.91313362121582
P63323,215.47702026367188
Q6ZQ38,279.34149169921875
Q8K0Z7,46.94638442993164
Q91XD4,99.40177917480469
P84228,75.77259826660156
Q3V384,9.579736709594727
Q61425,1958.1944580078125
Q9CQC9,197.711181640625
Q9WTX5,138.8127899169922
Q61496,3.332613945007324
Q9CPP0,27.287960052490234
Q9D4J1,9.269941329956055
Q9R0H5,35.349761962890625
Q80YD1,7.874319076538086
Q9Z0H8,10.975030899047852
P30275,10.486323356628418
Q3UD01,2.1451938152313232
P84096,42.100059509277344
O35074,3.0889744758605957
Q5U458,46.11798095703125
Q9EQR4,7.059103965759277
Q8K3M1,34.80226516723633
Q6PE87,0.9770852327346802
Q99JW5,7.39813232421875
Q6P3A8,341.4076843261719
Q80T14,1.8821401596069336
P52483,0.6882791519165039
Q99J94,3.410332679748535
B8JJN0,13.668075561523438
Q99P31,5.569921016693115
P11531,1.0449655055999756
Q91YH5,74.87064361572266
Q9DB77,1319.298828125
Q8R3B1,6.657348155975342
Q8C2E7,6.98496150970459
A0A0G2JDV3,2.3696203231811523
P45376,353.4844970703125
Q8VCH7,1.9422504901885986
P05214,252.7890167236328
Q8K1Z0,131.4033966064453
Q9EPL8,91.13208770751953
Q01339,36.27655792236328
Q8VC60,3.184001922607422
Q91YX5,4.049014091491699
Q9ET22,16.638309478759766
P49962,22.803558349609375
Q99LI7,10.477797508239746
P17665,43.91775131225586
Q00898,91.19613647460938
Q9CQS8,20.067392349243164
Q9CZ44,115.81181335449219
A2AIV2,2.5552010536193848
P31001,25.96506690979004
Q8VCW2,4.295806407928467
O08532,2.6977996826171875
Q61656,207.21852111816406
Q8R0F3,8.48797607421875
Q91ZJ5,299.1900329589844
P41216,1772.1829833984375
B2RY53,26.954143524169922
O09110,17.164241790771484
Q8BHN3,699.0326538085938
Q9Z1J3,30.468164443969727
Q59J78,54.699466705322266
Q9D7N6,11.892772674560547
P16331,808.7557373046875
P21180,0.6036474704742432
Q3UIU2,226.2173614501953
Q61584,7.508691787719727
Q8BUR4,19.72160530090332
Q9D1G5,3.226428508758545
P70248,2.816129207611084
Q3UJU9,97.93897247314453
Q9JJZ4,4.037715435028076
P41233,47.27531433105469
P13634,50.05081558227539
Q99KR7,156.44564819335938
Q0P5W1,1.8897674083709717
Q9D7X3,65.04489135742188
Q922V4,39.377830505371094
Q69ZN7,10.085911750793457
P70336,44.27895736694336
Q9DCD6,11.954838752746582
Q9CPR5,22.895652770996094
Q8R2L5,1.7742083072662354
Q8CGF7,24.605199813842773
Q99JX3,45.33857345581055
Q8CH25,25.137531280517578
P06745,526.406005859375
Q9JMK2,3.3081917762756348
Q8R5I6,70.99756622314453
Q9Z1G4,2.4636969566345215
Q9D1P0,28.49121856689453
P54761,1.997985601425171
Q2VPQ9,10.253281593322754
Q6PDG5,57.085792541503906
Q9D6J5,206.21571350097656
Q8K0C9,10.02234172821045
Q9QXY9,4.147398471832275
Q9WTP6,1403.255615234375
Q8VCC2,64.77165985107422
Q8VDD9,2.4702017307281494
A9C496,26.14144515991211
Q9ERA0,0.9501087665557861
Q91WN4,57.450069427490234
P61294,20.72866439819336
J3QNT6,18.431396484375
P09671,1297.676025390625
Q8R4H2,9.810075759887695
Q9JMH6,125.82279968261719
Q9R1K9,2.8360915184020996
Q9CYL5,6.524755477905273
P16045,95.3109359741211
Q3V460,3.5390400886535645
Q91V09,0.8987542390823364
Q9EQG9,5.357877731323242
Q91YH6,15.916423797607422
E9Q6R7,109.7635498046875
Q6DID3,0.6613103151321411
Q7TMM9,163.18679809570312
Q01341,2.6624178886413574
P70696,11.295811653137207
Q62376,66.94352722167969
O35075,3.249776840209961
P15508,39.6607666015625
P21126,12.540645599365234
P97377,1.17378568649292
A6H6E2,4.153869152069092
B9EJA3,1.4766583442687988
Q9DBX3,7.033083915710449
Q9JIF0,55.46522903442383
Q6X893,3.2707877159118652
P97313,7.687348365783691
Q8K114,3.3954849243164062
O54950,17.08727264404297
Q8VCN9,8.804019927978516
Q9D4F2,6.9290852546691895
Q9R1J0,24.013139724731445
P29341,242.55760192871094
Q63886,219.4519500732422
P97333,8.082777976989746
P57722,22.155780792236328
P68510,128.48887634277344
Q78RX3,9.629276275634766
Q8BNW9,1.8993299007415771
P40338,1.573775053024292
Q80VP0,8.665609359741211
Q3TNA1,29.204566955566406
Q8JZR0,308.84954833984375
Q80TI0,1.903754472732544
P19137,1.7213759422302246
Q5I012,4.001534938812256
P11590,4.351166248321533
Q9DB73,16.626699447631836
Q9CV28,1.253474235534668
Q9DBN5,25.981992721557617
Q60676,38.5981330871582
P62267,440.1173400878906
Q61315,1.0039160251617432
A2ADY9,8.17178726196289
Q8VHL1,1.011348009109497
Q3UEB3,37.132381439208984
O09173,750.8798828125
Q9DCC4,52.32078552246094
P03899,10.428349494934082
Q9CRC8,3.2280964851379395
Q8C7D3,29.898298263549805
Q9WV85,27.24171257019043
B1ASE2,556.9586791992188
Q9JLJ5,2.666161060333252
Q8R123,12.393033981323242
Q9WVJ2,158.69302368164062
Q9WU84,22.364179611206055
Q8HWB2,12.602533340454102
Q5SUF2,3.031771183013916
Q8C0Q2,1.0303962230682373
Q8R323,5.603320121765137
Q3UBZ5,2.053680419921875
Q9ESG4,7.98760986328125
O09044,21.736783981323242
O08539,6.136787414550781
Q6PAJ1,1.3334901332855225
P70426,3.808633327484131
P97324,6.842249393463135
P07356,331.9841003417969
P18760,716.8426513671875
Q3UFY7,6.535577774047852
P59041,4.714931011199951
O88322,9.520562171936035
P39053,19.888702392578125
Q925N0,6.686773777008057
Q921L8,4.273184299468994
Q9ES70,1.8908133506774902
P24472,205.67652893066406
Q9JLZ8,1.94368577003479
Q6P4S6,0.6287983655929565
P46978,36.67281723022461
P59017,40.81227493286133
Q9DCA2,16.028831481933594
Q8K274,12.01164436340332
Q9Z1K6,3.1924939155578613
Q8CGZ0,13.619057655334473
Q8K2Q0,14.141639709472656
Q8VCT3,95.10476684570312
Q99JR8,7.47623348236084
Q9D8X2,6.22332239151001
P63271,4.9134745597839355
O54788,1.7322759628295898
Q9QUR6,157.6063232421875
Q80X85,14.509563446044922
B2RQY6,6.370852470397949
Q8BMF4,220.77943420410156
Q91WG0,93.76146697998047
Q9QXY1,2.5024616718292236
Q91V12,32.444026947021484
Q9D394,3.9564461708068848
Q99N93,10.562987327575684
Q5SQX6,22.8364200592041
Q8BYK4,3.4484739303588867
P58389,40.73463439941406
O35215,464.77398681640625
Q03265,2378.034423828125
O35551,6.110465049743652
O88545,22.01692008972168
P50172,78.70541381835938
Q6NZC7,43.93516540527344
Q8BSY0,50.48174285888672
Q8BGF6,3.999001979827881
Q62087,165.62063598632812
G3X9K3,22.685504913330078
Q811L6,2.0413529872894287
Q91X52,46.960113525390625
Q99JR6,6.301929950714111
P62334,170.3109588623047
P27773,1922.7164306640625
J3QPI8,7.09090518951416
Q9JLT2,1.6701815128326416
O35874,4.2751288414001465
Q9WUM3,57.34616470336914
Q8VCC1,12.077621459960938
O88448,2.2046053409576416
G3X9C2,18.707162857055664
Q8VCF0,29.460697174072266
Q8BUX5,2.7440173625946045
Q9CQ43,8.442739486694336
D3Z0M9,10.032611846923828
Q9EPK6,2.1955504417419434
Q9CQR6,18.75507164001465
A2TJV2,6.8445940017700195
P80315,410.8910217285156
Q9DC61,61.52789306640625
A2RSQ0,1.421626091003418
Q91YQ1,2.6787002086639404
Q6P549,8.412740707397461
Q9WVD5,233.5798797607422
P53986,76.7239990234375
O55098,2.0439438819885254
A2BH40,9.642068862915039
Q99J47,43.108612060546875
Q9WUA2,205.03659057617188
Q9CQV7,11.243598937988281
Q91YE3,2.6420857906341553
P35278,213.62440490722656
L7N451,2.736518621444702
O35609,16.275659561157227
Q3UMU9,9.381805419921875
Q922F4,45.113304138183594
Q9Z211,30.231855392456055
Q62383,11.991220474243164
Q64676,1.4402780532836914
Q9CQ28,1.6237006187438965
Q8BGT7,6.834155559539795
O70133,145.6364288330078
Q8CI51,45.66453170776367
Q99MZ6,2.444152593612671
Q9JHE3,3.0163722038269043
Q8R313,2.351144552230835
Q14DH7,30.39813804626465
Q8R0P4,6.4586076736450195
P11103,61.61921691894531
Q9DB05,95.33330535888672
Q9D8C4,12.58454418182373
O08863,3.359394073486328
Q62077,7.48970890045166
Q80XD1,2.0695059299468994
Q02384,1.3743021488189697
O54901,3.193624496459961
Q9D903,33.59232711791992
P16381,50.249961853027344
Q7TMW6,2.2783617973327637
Q9WV80,35.80378341674805
Q9WTX2,23.96611785888672
Q8CFV9,11.404623031616211
P21447,5.304076194763184
Q8BU14,13.040698051452637
Q8BJM7,1.3387787342071533
P47968,8.697253227233887
O08677,113.4377212524414
P05533,5.2797064781188965
Q8BTY8,3.2618331909179688
P14211,2030.060302734375
Q9CR86,66.21493530273438
Q5EBG8,8.066357612609863
Q6IME9,9.321910858154297
O89016,2.420423746109009
Q9CR26,15.029014587402344
P50285,280.0171813964844
Q71RI9,301.0160827636719
P32233,36.55679702758789
Q9CXD6,9.113967895507812
Q9ET30,42.64533996582031
Q8R1G6,3.992428779602051
Q99LG2,13.65550708770752
Q9WU78,328.2779235839844
Q8CG48,4.9213433265686035
E9Q912,6.94260835647583
Q8BMS4,32.7004508972168
Q8VDG7,10.67709732055664
Q8BL97,36.376792907714844
Q8K409,1.6522881984710693
P97499,2.060586452484131
Q52L67,90.27694702148438
Q9CX56,36.50156021118164
Q99MN1,186.3991241455078
Q8CGA0,10.740959167480469
Q9D9M2,0.7311468124389648
Q8BPS4,1.76246976852417
O88342,251.3984832763672
Q60710,82.64912414550781
Q80ZJ1,13.166996002197266
Q8VDG5,29.458833694458008
P04247,59.367401123046875
Q8VDH1,4.07633113861084
P56812,13.63929557800293
Q99LC3,479.7524108886719
Q8BHY8,1.033005952835083
Q9CYH2,153.06553649902344
Q3UNX5,25.541772842407227
P63325,351.53411865234375
Q9CQ92,137.62814331054688
Q9D8C6,5.015185356140137
Q78JE5,3.951333999633789
Q9JLZ3,129.1239471435547
Q8K3X6,5.921350479125977
Q91XE0,1116.0382080078125
Q9JLQ2,3.9983506202697754
Q9JMC8,5.382176876068115
Q61462,7.059281349182129
Q9ERR7,28.687524795532227
Q8K4K6,7.510641098022461
Q6IRU2,150.6292724609375
Q9Z2X1,344.93353271484375
P62702,897.72216796875
Q91WU5,29.495315551757812
Q6PF93,0.7733879089355469
Q9D1Q6,205.30516052246094
Q91WT9,35.92636489868164
Q31125,5.049715995788574
G5E8V9,14.321757316589355
O35728,15.488212585449219
Q8K449,2.0344021320343018
Q811D0,111.2803955078125
Q8K2T8,4.172140598297119
Q9D270,1.687169075012207
Q922D8,1527.701171875
Q99N92,7.481245994567871
Q61739,47.26459503173828
Q8BWQ6,6.211723804473877
P47757,152.41970825195312
Q9CPQ8,129.3018035888672
Q60972,72.72596740722656
P28656,49.76224136352539
Q8R0J8,4.558295726776123
P61804,40.80160140991211
Q9D1X0,10.266519546508789
P62259,821.5671997070312
Q80YX8,14.351642608642578
Q9JKF6,3.055418014526367
Q6ZWQ7,16.570070266723633
P63154,0.5963129997253418
P68033,260.1182556152344
Q9JK53,15.573226928710938
Q9Z2K1,68.93700408935547
P03921,34.67790985107422
E9Q1Z0,38.2936897277832
P24369,1128.1937255859375
P61979,525.5216674804688
Q8BWR8,1.117913007736206
Q9D937,16.32452392578125
Q9R1Z7,7.223880767822266
Q60996,2.088559865951538
P35979,207.49749755859375
Q9D8Y0,58.20783233642578
P51437,8.985265731811523
Q99J77,77.25004577636719
Q9CX30,6.83972692489624
Q8BFR4,14.118648529052734
Q9CXV1,23.2130126953125
Q9DAK9,48.63746643066406
Q9Z1D1,49.97906494140625
P42208,118.98674774169922
Q99KJ8,87.8065185546875
P49817,24.009809494018555
Q5SSK3,10.03922176361084
Q8C0L8,6.7310991287231445
P11627,0.3467971086502075
Q3UKJ7,66.53083038330078
Q3V3R1,9.640485763549805
Q3UQN2,7.437851905822754
Q8BQM9,2.425311326980591
Q9JHJ3,13.854032516479492
A0A1Y7VJE9,17.24471092224121
P23249,4.171627521514893
Q9D180,1.8266313076019287
P48771,109.57727813720703
Q9DC28,2.5855724811553955
P35762,37.37348175048828
Q8VBT0,9.727811813354492
Q6PAM0,0.6632523536682129
Q62241,14.060227394104004
Q00519,222.68373107910156
Q61160,11.465338706970215
Q9D6K8,9.900989532470703
O35633,0.6142429113388062
P70398,114.0757064819336
B1AY13,43.29698944091797
O35127,3.369753360748291
Q91YR5,2.067748785018921
P57776,300.22723388671875
Q80XL6,178.77587890625
Q80Y86,1.2977499961853027
Q99KI3,39.56895065307617
Q8CHW4,29.086694717407227
Q9CZX0,5.883155345916748
O35955,19.366971969604492
P56564,2.2163431644439697
Q64735,9.232319831848145
Q9QZB7,5.666586399078369
Q8JZS9,11.706908226013184
Q9CWV0,3.287353515625
Q60865,284.5415954589844
Q6DFW5,2.0901527404785156
Q91W50,138.6233367919922
Q9D517,10.75490951538086
Q8CG71,4.174185276031494
Q9CZH3,2.941270589828491
Q6P5H2,4.073439598083496
Q01853,1516.808349609375
Q9R1Q8,3.5584182739257812
Q9QXL2,8.942116737365723
P0C8K7,5.266897201538086
P82198,8.050307273864746
Q8CBF3,2.4428505897521973
Q9DBX6,1.7904760837554932
E9QAT4,16.858261108398438
Q8K5B2,113.15862274169922
Q8VIK2,1.6808254718780518
Q9JIW5,1.8785061836242676
Q8VHQ9,4.3884077072143555
Q9WVT6,3.9379677772521973
Q80XN0,415.2716979980469
P14869,498.411376953125
Q9JKV1,14.558995246887207
Q9R022,2.571086883544922
Q64345,1.0895700454711914
O88630,3.8047637939453125
P08074,10.064671516418457
Q9CQZ1,7.330312728881836
D3YYQ8,3.037843704223633
O35435,16.888761520385742
Q9JIG7,10.35598373413086
P21958,17.041698455810547
P28659,36.31989669799805
Q9R0M4,10.32347297668457
Q61771,2.1818184852600098
Q61831,0.6046930551528931
Q6P2B1,5.390921115875244
P55096,319.5843811035156
O35638,2.859915256500244
Q3TLS3,1.2181310653686523
Q923B0,2.9299771785736084
Q14C51,35.592716217041016
Q07797,16.206729888916016
Q9Z0S9,33.789188385009766
Q78PG9,16.913732528686523
Q9D1F9,6.031938076019287
P36916,0.9981189966201782
P47754,180.08425903320312
E9Q616,153.5511932373047
Q8CHP0,4.388000965118408
Q9CYA0,30.279342651367188
Q99LB7,2603.072021484375
Q9CY73,9.374655723571777
P63038,3653.30224609375
P70699,7.686405181884766
Q9D0J4,15.06707763671875
Q9DBE8,13.898087501525879
Q61037,2.1957149505615234
Q8BKF1,3.8584094047546387
Q922Q4,6.426849365234375
Q00612,68.62873077392578
O88811,4.422971248626709
Q64471,205.58306884765625
P70175,2.0967581272125244
Q6KAR6,4.1287994384765625
P83741,6.158884525299072
Q8VE96,2.1141767501831055
Q5NCF2,2.6754310131073
Q99JW2,85.4977035522461
P61021,33.47667694091797
Q99KP3,22.966550827026367
Q9D0K1,1.7406818866729736
Q99LH2,1.4109456539154053
Q9Z120,0.3675166368484497
Q9CQZ5,304.46856689453125
Q9JK81,14.065155982971191
Q61598,708.805419921875
Q8BFY6,8.862257957458496
Q0VF55,3.531114101409912
P35486,507.7465515136719
Q62468,33.585792541503906
P20152,219.25537109375
P53612,3.489089012145996
O35099,0.902076244354248
Q9Z1Q9,171.9212188720703
Q8JZX4,12.495553970336914
Q64444,5.22998046875
Q91WB4,5.360991954803467
Q9WV84,5.797798156738281
P08122,5.329808712005615
Q9CQQ7,736.1661376953125
Q5HZI9,5.552427768707275
Q3UT53,9.488245010375977
P26638,214.65760803222656
Q9JMD0,5.560857772827148
P05064,358.5402526855469
Q9CPR4,350.8585510253906
O08756,378.3062438964844
Q9DCD0,561.1552124023438
P54726,36.918331146240234
Q8BUE4,10.9048490524292
Q8BVW0,10.901405334472656
P57784,44.15371322631836
P15208,4.1767144203186035
Q91WD0,1.758542537689209
Q9CRD2,34.38105392456055
Q3UPH1,65.6583480834961
Q9Z1Y4,3.9595260620117188
Q9DB70,4.834902286529541
P02535,131.77455139160156
Q921Z5,3.8374381065368652
Q9R0Q1,5.486684799194336
Q8CI85,4.839816570281982
Q91YY4,14.082488059997559
Q8K0Y2,11.773545265197754
Q8BLF1,35.031551361083984
Q8R3C0,0.6312518119812012
Q91Z53,299.3147888183594
P58501,5.354215145111084
Q8BRN9,5.615225791931152
P57780,944.98486328125
Q6ZPU9,2.133561611175537
Q8K199,4.646589756011963
Q9DCR2,12.697517395019531
Q00896,146.7183074951172
P61982,350.34454345703125
Q9CQK7,11.529844284057617
Q2TV84,2.312476396560669
P28738,2.194485902786255
Q811U4,6.1826171875
Q8BGQ7,167.99989318847656
Q8BJ03,11.057720184326172
O88668,76.02555084228516
E9PWZ3,19.494503021240234
Q3UEI1,1.9194064140319824
Q8CBE3,2.7895355224609375
Q8R1U2,1.2807116508483887
Q505B7,8.106649398803711
P53996,63.40827941894531
Q91XE4,16.334732055664062
O70250,62.01984786987305
P62814,101.97081756591797
O08797,9.122015953063965
P56390,7.940396308898926
Q06770,35.26446533203125
Q9WUU9,4.870786190032959
O88552,6.279051303863525
Q8R4R6,17.98346519470215
E9Q414,75.05091857910156
Q8VED9,14.54672622680664
Q9ESW4,22.82318687438965
Q03160,1.704040765762329
Q2KN98,1.7651093006134033
O35226,63.71095275878906
Q9D7I5,8.690457344055176
P09036,19.300006866455078
Q8BRK8,1.752824306488037
Q6PER3,15.671941757202148
Q8BVQ5,15.107580184936523
O55137,29.657920837402344
Q3U9G9,17.967205047607422
Q91V41,318.3780822753906
Q8BHJ5,2.0929644107818604
Q3UIA2,8.806394577026367
Q8CGV4,31.74504852294922
Q9JM76,135.25379943847656
Q924X2,22.8476619720459
Q99KI0,1881.602294921875
Q921H8,208.56045532226562
Q62448,55.693233489990234
Q3THE2,110.9717025756836
P25911,6.565939426422119
Q9R1T4,2.732879877090454
P00848,42.232643127441406
Q8R5L3,0.7279598712921143
P49615,16.66537094116211
Q8BNV1,6.871204853057861
P61087,62.80876922607422
Q91XF0,36.852752685546875
P17183,32.356929779052734
P58871,18.24751091003418
Q8K2H2,2.4434309005737305
Q91WQ3,145.64544677734375
Q91W89,16.020484924316406
Q91ZW3,12.340365409851074
Q6VNB8,1.24690842628479
Q9CQL4,20.650060653686523
P70168,261.07684326171875
Q9DBJ1,788.6497192382812
Q91ZV4,5.150026798248291
P53810,98.8171615600586
P10853,94.37629699707031
Q6GV12,9.542523384094238
P43274,87.95822143554688
Q8BG37,123.55406188964844
P23780,11.98086929321289
Q9CQX6,1.7112483978271484
P70704,2.5325446128845215
Q8VIM4,6.96049690246582
Q9DBS2,2.159745454788208
Q99LC9,3.701671600341797
Q9DCZ4,31.078128814697266
Q02257,66.57286834716797
Q8BXR9,1.8363676071166992
Q91YJ5,6.165865421295166
Q9CZG9,8.86511516571045
Q8VC74,3.4776034355163574
Q9D1A2,293.9811706542969
L7N1Y0,1.5382616519927979
Q05186,6.437973976135254
Q8CGP1,64.47874450683594
Q80SZ7,19.112632751464844
Q9D7B6,161.6321563720703
P63168,39.22233581542969
Q921L5,1.8598384857177734
Q6EDY6,2.109689474105835
Q8K370,33.32564926147461
O09126,1.5136520862579346
Q9D1C9,12.597758293151855
Q9QZ73,9.753180503845215
Q9JHS3,14.109338760375977
Q5M8N4,22.221588134765625
O88685,195.37698364257812
Q8R1T4,3.061657428741455
P60879,5.982519149780273
Q3U2A8,6.286709785461426
Q05909,1.399609088897705
Q62452,57.749847412109375
Q9WV32,100.41658782958984
O35375,5.555929183959961
O35451,2.952208995819092
O70152,39.031280517578125
Q9CYI4,7.305941581726074
P63276,705.521484375
Q921N7,4.342965602874756
Q2NL51,2.2099063396453857
Q6ZWN5,758.8364868164062
Q3USB7,3.914947509765625
Q9D6Y7,305.54791259765625
Q8K183,144.53915405273438
Q8K0U4,6.400928020477295
P15327,18.95540428161621
P27048,29.77503204345703
Q9CQL1,17.95400047302246
Q9D0I4,4.149841785430908
Q9D7A6,32.16907501220703
P51885,14.130168914794922
P68181,37.33412170410156
Q06318,9.983161926269531
P39098,1.970870018005371
Q78JN3,16.64748764038086
Q9CPQ1,654.8897705078125
Q9D8L5,3.10089111328125
Q91XI1,3.269648551940918
Q3UDE2,24.604202270507812
A2A8Z1,4.364729881286621
F8VQ70,1.1262013912200928
Q61234,1.3163907527923584
Q9DAS9,61.12128448486328
Q571I9,34.51950454711914
P05125,4.213778495788574
P70172,3.4191274642944336
Q6Y7W8,3.8017067909240723
O35469,27.20269203186035
Q920Q6,9.93563175201416
Q9ESW8,14.547818183898926
Q8VE62,3.9146299362182617
Q9Z1X4,40.27263641357422
Q7TQH0,18.00986099243164
Q8VBT9,9.858317375183105
Q99MR0,1.163038969039917
P99024,248.72520446777344
Q8R5G7,2.255948305130005
Q03145,13.83770751953125
Q9Z0H7,5.670795440673828
Q9R1P1,125.22240447998047
Q9DBS5,15.263046264648438
Q9CQI3,37.67363357543945
Q9QZD9,143.2774658203125
Q91V81,8.412824630737305
Q149F3,30.112834930419922
Q8BGB7,3.0986990928649902
Q6P1G0,0.7588582038879395
Q9D819,642.3126220703125
E9Q0T8,1.1478238105773926
Q9JKY7,14.043961524963379
Q9Z266,4.607946395874023
Q99KN9,73.35145568847656
Q9R1Q9,0.7089217901229858
Q8WUR0,7.510334014892578
E9Q4N7,2.939511775970459
P63147,7.051334381103516
P70280,6.291362762451172
P60762,0.9297242164611816
Q8BZ36,1.1322879791259766
P25976,80.03282928466797
Q8BYM8,3.883739471435547
Q8CI94,95.26716613769531
P33173,5.102842807769775
Q66JS6,28.944852828979492
Q01149,10.092334747314453
F7BCN0,12.890620231628418
Q7TMY7,1.4916820526123047
E9QAN9,3.6892008781433105
Q8K2L8,5.956091403961182
Q9QY93,9.301016807556152
Q9CR64,2.8019981384277344
Q8VI47,5.987398624420166
Q9DBW0,47.83992004394531
Q9D902,9.297188758850098
Q63870,2.6500842571258545
Q9WUM4,35.51386642456055
P14131,816.6835327148438
Q05117,31.004032135009766
Q9ESB3,16.427305221557617
Q6PGL7,6.698538303375244
P01942,3414.814208984375
Q3UPL0,425.49298095703125
Q922B1,81.09774017333984
P24638,4.210042476654053
Q9R0B9,5.955873489379883
Q9ESU6,13.051431655883789
B5THE2,7.990141868591309
P35330,2.9073610305786133
Q8BTR5,2.652085542678833
P98197,7.287444114685059
Q8BZ10,0.8506556749343872
O35206,10.290549278259277
Q91WG2,2.0329151153564453
A2AWA9,10.162643432617188
Q91W59,1.1867365837097168
Q8CGA3,2.2730586528778076
P10648,105.36271667480469
O35465,10.967430114746094
Q5SUV5,2.3951358795166016
Q3TC33,4.723068714141846
Q64518,23.336347579956055
E9Q4P1,2.869831085205078
Q9QYR9,51.277034759521484
Q504M2,5.474664211273193
Q9ER69,1.71714448928833
Q3TMP1,0.7867746353149414
Q60931,145.35374450683594
Q9DBL1,206.02276611328125
Q9D7J7,4.522423267364502
Q9QXJ4,4.72229528427124
Q9Z1E4,27.942644119262695
Q96LX3,6.1191325187683105
A2AGT5,17.62834930419922
P28654,7.712693214416504
Q9ESX5,43.58000564575195
Q3THW5,230.9059295654297
Q8K4Z5,78.7002944946289
P31809,12.272615432739258
Q91VC9,10.038225173950195
Q3TW96,39.65355682373047
P37040,564.6312866210938
Q5XJY5,256.6805114746094
Q02858,3.2256975173950195
Q9Z0F8,0.9421402215957642
Q8VIN1,3.1240954399108887
Q8CCH2,2.619089365005493
Q9D404,25.0805721282959
Q99MR8,356.7766418457031
Q5SSN7,2.6943016052246094
P61205,181.81878662109375
Q91Z40,8.327651977539062
P10107,40.96854019165039
Q9CYR0,101.17543029785156
Q61474,1.7351210117340088
Q8CCP0,6.450554847717285
P80317,298.4046325683594
Q60770,8.332876205444336
Q9D8S3,3.820575714111328
P97855,124.46756744384766
Q99LF4,147.25596618652344
Q9DCC8,33.97342300415039
Q61189,1.7348239421844482
Q9JK88,3.7859930992126465
P62077,12.295703887939453
Q6PHQ8,2.71767258644104
P58137,6.069585800170898
O08582,5.89606237411499
Q9JJU8,75.20812225341797
A2AWP8,2.233745574951172
Q99JY3,44.786983489990234
P41105,248.61102294921875
Q3UEG6,298.0601501464844
Q9EQI8,13.252689361572266
O35382,14.856792449951172
Q9CY34,2.5206265449523926
F6S4B9,35.43701171875
Q80YR5,2.7845630645751953
Q9R0P5,449.19598388671875
P70295,7.9379377365112305
Q6DVA0,9.626425743103027
Q9EPA7,4.4296793937683105
Q5BL07,4.169389247894287
Q8BWL5,3.0178885459899902
Q8K1L5,6.6050920486450195
Q8C7X2,142.06065368652344
Q62084,10.07206916809082
Q08331,1.889314889907837
Q6PGH2,8.487944602966309
O54988,41.55821228027344
Q3TQZ4,5.809922218322754
P17225,301.6788330078125
Q91WC3,1.6354608535766602
P59158,3.484419822692871
Q61081,69.8919677734375
Q8BH97,13.844649314880371
Q91YT0,539.0989990234375
B1AR17,4.93753719329834
Q9D385,1.7256207466125488
Q9Z1T2,10.922497749328613
P04104,55.074031829833984
Q8VHQ1,27.550884246826172
Q80Y14,46.809654235839844
O55236,1.2168428897857666
Q8CAY6,168.99964904785156
Q8K0G5,2.880450963973999
Q3ULD5,220.90731811523438
Q9D964,67.2510986328125
P16460,1321.281982421875
Q8CIB5,113.98275756835938
P56135,112.51356506347656
Q8CIF4,5.0701775550842285
Q920R6,2.5407087802886963
P42567,30.092004776000977
Q8VC30,480.37939453125
Q9JHJ0,69.02448272705078
P97372,148.06423950195312
Q9JM63,3.445962905883789
Q9DCX2,599.5645141601562
Q62120,1.0328919887542725
P51906,5.204265594482422
Q8QZZ8,2.3985283374786377
P70698,13.271860122680664
Q9Z1W8,9.3683500289917
Q9DCG9,9.005576133728027
Q8CG50,2.469761371612549
Q6NXL1,31.189395904541016
Q9D023,114.34774017333984
Q9ESZ8,7.168514251708984
Q91V76,756.5452880859375
Q8K1B8,7.872309684753418
Q99JX7,6.655452251434326
P35822,3.2479000091552734
O70305,7.213682174682617
Q60598,83.48365783691406
Q9D1H6,34.60379409790039
Q5XKN4,2.5803871154785156
Q9JI75,74.92401885986328
Q91X17,10.063663482666016
Q9JKB1,34.43143844604492
P0C0A3,5.868471622467041
P06909,142.18919372558594
O09051,10.723665237426758
Q9JLF6,36.28835678100586
A6H5Z3,0.8040145635604858
Q91ZV0,25.87744903564453
Q9CZW5,103.93497467041016
Q8BTZ7,23.65338706970215
P07758,169.5883331298828
O70435,153.01852416992188
Q80VJ3,7.300086975097656
Q99LS3,26.75188636779785
Q9R0H0,1645.1224365234375
P14094,133.8311767578125
Q99J21,3.324324131011963
Q9D855,855.5953979492188
P67871,26.760883331298828
Q8CJF7,9.63184642791748
Q9D5T0,23.31650161743164
Q8BIJ6,227.2613067626953
Q8BVG4,3.633481025695801
Q8R3G9,4.120754718780518
Q9CPU0,439.846435546875
Q8VED5,86.9195556640625
P63166,6.110437870025635
Q80XK6,1.7006983757019043
Q9ERI6,14.946786880493164
Q505D1,2.7486555576324463
Q91XE8,34.23410415649414
Q6A068,45.18150329589844
Q9R0Q7,216.46444702148438
Q6ZWY9,126.22180938720703
Q9CWW6,16.297115325927734
Q9DBH5,195.00442504882812
Q61881,23.030242919921875
E9PX29,32.85728454589844
Q9JLT4,108.75398254394531
Q9QYC0,13.945968627929688
P62254,14.942336082458496
Q07113,45.888816833496094
Q3UIJ9,2.481783866882324
Q5U5V2,7.692597389221191
P62855,363.1789245605469
P08032,43.319759368896484
A6ZI46,128.3741912841797
Q9DB76,2.905383348464966
Q91W43,45.87105941772461
Q9CRB6,10.591950416564941
Q3V009,12.352029800415039
Q9QXE7,3.5775256156921387
P61327,61.147464752197266
Q8VDQ1,178.94146728515625
Q99PU8,20.32872772216797
E9PYG6,4.277309894561768
Q99JH8,8.842801094055176
P48455,2.6231725215911865
Q8BUG2,5.483580589294434
A8C756,1.5967891216278076
Q8BGZ1,3.28720760345459
Q9R069,4.990720272064209
O35218,8.295903205871582
Q8C3S2,1.5838618278503418
O35453,5.506314754486084
Q78XF5,44.448116302490234
Q8BW70,1.6290059089660645
Q9CQ60,229.92149353027344
Q9JJI8,272.1910400390625
Q99LJ6,10.05513858795166
Q9JHS4,126.8878173828125
Q3UYC0,1.6164567470550537
Q921S7,20.402727127075195
O35295,86.94571685791016
Q6ZWQ0,6.384624004364014
Q8CJ53,7.234988212585449
P03953,29.175628662109375
O70324,7.227076530456543
P52623,2.3757030963897705
Q9EQX4,1.0968749523162842
P51912,23.00227928161621
Q9Z0X1,807.3087158203125
Q60928,8.007537841796875
Q7TPD3,1.373056411743164
Q9DBA9,2.308440923690796
Q6NVF4,4.947124481201172
P97479,2.0161008834838867
A2CEK7,16.531539916992188
Q3URD3,2.3734781742095947
Q811J3,1.8413288593292236
Q3UP75,7.398332595825195
P16858,488.8590087890625
Q5XJY4,4.4983720779418945
Q7TMF3,212.1573486328125
Q9D1R9,161.19171142578125
Q91YW3,55.39078903198242
O08912,4.111480236053467
Q91W97,4.441879749298096
O08915,5.972861289978027
J3QN89,1.5268845558166504
P12787,468.2021789550781
Q8BVE3,20.047815322875977
P26883,189.8856964111328
Q8K4R4,0.9490417242050171
Q9CQ62,792.8859252929688
O35316,1.5065267086029053
A2AKG8,1.8391344547271729
Q9D7G0,25.340660095214844
Q7TMV3,7.295055389404297
Q9QXB9,24.483295440673828
A3KMP2,51.31935501098633
Q91VC4,6.131844520568848
F6ZDS4,121.27857208251953
O08529,55.63468933105469
Q8K2Q7,7.171882629394531
Q9ERS2,210.94859313964844
P35283,5.37795352935791
P26039,660.4202270507812
Q91VA6,19.026514053344727
O88746,3.7028326988220215
P80313,308.1904296875
Q8K0Q5,4.461902618408203
B1AZI6,5.642776966094971
Q63810,13.531034469604492
Q3UM29,4.7473673820495605
Q9WV92,10.065792083740234
Q8JZS7,46.16225814819336
Q63918,7.08292293548584
Q9CRC0,26.61656951904297
P97865,2.97163462638855
P42932,705.310546875
Q91X05,3.4191274642944336
Q9D8X1,4.090404033660889
Q9Z315,25.84735107421875
P62897,455.70953369140625
O09165,10.891158103942871
Q91V04,4.371546268463135
Q8K4Q8,1.1595423221588135
Q99JX4,102.49310302734375
Q9D0Y8,8.401185035705566
Q3TKT4,11.494531631469727
Q3UMY5,3.87766170501709
Q91WK1,25.450214385986328
Q9CQZ6,95.75122833251953
Q8C0K5,3.259972095489502
P07309,276.4290466308594
Q8VD04,11.677685737609863
Q8BJU2,6.452678203582764
P24457,23.82947540283203
Q8K1R3,58.650001525878906
O09114,5.156074047088623
P43136,2.4974074363708496
P43406,9.343829154968262
Q9DBR3,2.384714126586914
P70671,13.318164825439453
O08705,30.124452590942383
Q64374,451.3868408203125
Q9DC33,8.117539405822754
Q3THS6,52.1702766418457
Q3UZZ6,133.81814575195312
Q9D3P8,6.556924343109131
Q8R422,1.0505828857421875
P63101,546.5335083007812
E9Q0B3,3.4191274642944336
Q91WM6,5.862878322601318
Q9DBK7,11.727423667907715
Q8R0J7,2.2201361656188965
Q9DBD0,28.51957130432129
Q8BX80,2.005249261856079
P68369,277.9510803222656
P56379,41.8043327331543
P10711,35.56599044799805
Q78IS1,5.289900302886963
F6YVP7,397.74554443359375
Q9QXK3,31.66606903076172
Q9CRD0,133.85470581054688
A2A5R2,29.634342193603516
P70245,18.467159271240234
Q8BYZ1,1.186004877090454
P46735,14.022544860839844
Q8R2N1,10.921306610107422
Q9CR68,615.2406616210938
P40336,53.174842834472656
Q9R008,3.8941612243652344
P50637,12.8540620803833
Q9DCS2,80.70174407958984
Q65CL1,3.6819963455200195
Q6IFX3,12.652522087097168
Q9CXW4,220.81304931640625
P22361,3.6348447799682617
Q921I1,1109.5574951171875
Q9JKK1,3.7148733139038086
Q9CZ04,15.676036834716797
Q5EBJ4,0.5146890878677368
Q9WV55,253.77218627929688
Q9D0G0,15.418197631835938
P62073,35.24150848388672
Q91WM2,7.572136878967285
Q9JHW9,9.740595817565918
Q9R1P4,360.6409606933594
Q91WG8,16.067689895629883
P84089,66.51396942138672
Q9Z1Z0,203.17141723632812
Q80UM3,69.62818145751953
Q62313,5.148311138153076
P54731,12.969621658325195
Q9D1H7,3.251840114593506
Q6GQS1,6.0819597244262695
Q8CJH3,2.049036979675293
P97461,375.173095703125
Q3UHJ0,11.182680130004883
Q6NZN0,1.4701719284057617
P10649,827.4395141601562
P24668,38.811439514160156
Q99K48,101.40634155273438
Q61581,11.288156509399414
P11983,441.27105712890625
Q9Z0K8,86.4789047241211
Q9DC23,5.0856194496154785
P12710,5414.9306640625
Q8C7R4,40.29804229736328
G5E8K5,10.5194730758667
B1AQ75,8.426294326782227
O08811,2.2515242099761963
Q8VCH6,6.543804168701172
Q9Z0U1,14.500957489013672
Q78ZA7,54.08045959472656
Q62318,309.2967224121094
Q80XU3,10.752902030944824
P97861,15.785501480102539
Q9QZ88,169.81146240234375
A2APT9,2.496410608291626
Q61532,3.9753637313842773
Q9D7S9,9.90167236328125
Q61420,1.1105375289916992
Q61733,19.911495208740234
Q9QUN3,5.682432651519775
P62082,498.7594299316406
P80318,384.8403625488281
O88653,19.64314842224121
Q8R409,4.474536418914795
P19001,56.77042007446289
Q3UHD6,7.317108154296875
P17742,1137.2825927734375
Q8BL66,182.083740234375
P62717,280.8144836425781
Q9EQ80,6.020030498504639
P46471,129.7816619873047
P99028,139.50938415527344
P17427,118.85968017578125
Q9ET01,664.067138671875
Q8BSL7,160.69500732421875
Q9CQ49,8.567843437194824
O55057,1.559772253036499
Q8BY89,1.4399030208587646
Q3TJ91,2.804469108581543
Q99P58,1.8525879383087158
Q9D187,16.353593826293945
Q80W68,8.134370803833008
Q8CI75,3.5709681510925293
Q9D853,0.8245042562484741
E9QA79,26.14144515991211
Q9CPW5,15.528097152709961
O35892,6.071824550628662
Q61768,125.30953216552734
Q99J27,12.032508850097656
P70302,18.606508255004883
Q8R3R8,8.561812400817871
Q9JJK2,4.294358730316162
P0CG49,62.585636138916016
Q9QXG2,1.920485258102417
Q9CXY6,42.795997619628906
Q920A7,7.728274345397949
Q06185,275.56988525390625
Q8K2Y3,6.003083229064941
P53564,0.4130138158798218
Q8C0Z1,2.8121016025543213
O35855,44.18758773803711
P32921,87.50048828125
Q9EPJ9,9.986629486083984
Q8R1H0,7.99031925201416
Q99KQ4,222.01119995117188
Q9D162,8.183517456054688
Q9QXM0,3.9439821243286133
Q61655,13.980280876159668
Q8BPA8,2.458209276199341
P12246,10.658831596374512
Q9D2C7,3.392007350921631
P21619,65.03142547607422
Q32MW3,10.408510208129883
Q8CGC7,562.7879638671875
P49443,25.706884384155273
Q9ES28,11.426454544067383
G3X9Y6,23.689224243164062
P14148,584.1690063476562
Q04735,0.7266024351119995
P31230,85.55382537841797
Q80ZU0,1.1897985935211182
P53808,5.821732044219971
P97431,1.1851820945739746
Q91YR7,12.73406982421875
Q9JIX8,46.75788497924805
Q8BH44,1.9400274753570557
E9Q7G0,208.534912109375
Q8CC86,27.279193878173828
Q99LI8,16.4744930267334
A2AE89,792.3748779296875
Q6P069,74.94755554199219
Q9D4V0,1.4035475254058838
P56959,104.39158630371094
Q9CR89,2.210918426513672
Q99K51,164.0501251220703
Q5ND34,2.1901607513427734
Q80XM9,2.804938554763794
Q9CQC7,166.96876525878906
Q9D358,52.852272033691406
Q9Z2B2,3.5458240509033203
Q8JZU0,3.9939470291137695
P39447,18.599340438842773
O35344,21.456382751464844
Q9DAV9,3.5849075317382812
P35980,297.9815368652344
Q9ERG2,18.202877044677734
Q99KB8,394.2938232421875
Q5SRX1,3.582803726196289
P63005,45.67332077026367
Q8R081,197.3914794921875
Q8BM85,1.4095604419708252
Q91VI7,379.72735595703125
Q99LN9,10.210064888000488
Q9D7L8,44.770999908447266
P47739,15.068767547607422
A0A1W2P6N8,5.509512424468994
Q9QWR8,12.949159622192383
P06339,8.008484840393066
E9Q8I5,6.1191325187683105
P61148,2.4765639305114746
Q99JY4,6.762717247009277
P70388,3.0998587608337402
Q9DBG3,276.80474853515625
Q9D0M5,64.12530517578125
Q61772,3.317768096923828
Q8K2M0,5.567317485809326
Q6ZWV7,329.7181701660156
P08030,107.37950134277344
Q8VEK0,4.078289985656738
P06151,1355.0704345703125
P28663,5.618368625640869
Q9Z1Q2,8.135021209716797
Q9CQ48,16.133663177490234
Q5SWZ9,0.9938385486602783
P48024,55.9796028137207
Q8CEE7,4.163445949554443
Q8QZW3,4.467511177062988
Q99LX0,737.6005859375
Q80WR5,3.061873435974121
Q924D0,23.525724411010742
P23591,50.891414642333984
Q8VC69,4.538206100463867
P07091,40.247901916503906
P21279,29.38425636291504
Q9Z2M7,69.15655517578125
Q99LE6,10.918575286865234
Q9DAV6,15.715715408325195
Q99ME2,3.892732620239258
Q920D3,4.52053165435791
Q8JZZ6,4.587287425994873
O88544,63.436767578125
P63024,27.019670486450195
P24063,3.452211856842041
P50516,248.915283203125
P11862,4.161457061767578
Q6GYP7,3.6130576133728027
P70694,3405.968994140625
Q08024,7.040578842163086
Q8R326,19.14311981201172
A2A4P4,5.3535990715026855
B9EJI9,3.678833484649658
Q91WT7,281.3382263183594
Q9Z0V7,34.83936309814453
Q6PFR5,9.290388107299805
Q8BI72,4.142505645751953
Q3TCJ1,3.7295937538146973
O88551,4.152791976928711
O55131,96.64486694335938
Q64191,13.163124084472656
Q922H2,3.8875560760498047
Q61578,46.301979064941406
P01029,78.17265319824219
E9Q4X2,8.847569465637207
Q6DFW4,104.1158447265625
Q9Z2J0,2.7434768676757812
D3YZP9,3.7040953636169434
Q8VHH5,1.2678232192993164
P0C027,3.936336040496826
Q0VGB7,2.8818156719207764
Q91YS8,7.287642478942871
P20029,2895.135986328125
O88968,2.89184832572937
Q6ZPR5,1.4178757667541504
Q91V14,3.5349831581115723
P10126,3510.89111328125
P83870,17.768766403198242
Q9D8N2,2.8693320751190186
P17426,47.70065689086914
Q9EQ06,48.45655822753906
Q9QXS6,1.1020965576171875
Q9Z2C8,9.786855697631836
Q8R1M2,48.3360595703125
Q5SWT3,13.207480430603027
Q8K4P0,50.28311538696289
Q8K0E8,384.13861083984375
P40630,72.49857330322266
Q6P542,80.74128723144531
P19221,37.627803802490234
Q91WV7,3.11769962310791
O35309,15.804758071899414
P51432,25.6889591217041
Q61171,560.8753662109375
O08547,218.90994262695312
Q9CQF8,3.2840261459350586
Q8BG94,2.5790295600891113
P47753,70.85184478759766
Q921F2,188.70677185058594
G3X8U3,12.243142127990723
Q9CZP0,2.426750898361206
Q02566,10.913344383239746
Q9DCS1,5.673525333404541
O08749,873.6085205078125
Q9CXW2,29.314180374145508
Q7TNV0,22.456525802612305
Q9Z2D8,10.94721508026123
Q9CZP5,9.277318000793457
Q9CR98,26.04262924194336
Q61001,3.376603126525879
Q9D1H9,8.514852523803711
O09164,27.86595344543457
O70309,2.0650687217712402
Q60973,95.68382263183594
E9Q1Y9,19.76237678527832
Q8BFR6,3.716062068939209
P17563,533.9822998046875
Q6ZQK5,2.783984422683716
Q924C1,9.011323928833008
Q9D5V6,20.285045623779297
S4R185,4.880306243896484
B5X0G2,25.73160743713379
Q3UQ84,8.674121856689453
P12815,63.18025207519531
Q8BMT0,24.256507873535156
Q91ZR2,2.750511884689331
Q9CXF4,11.697745323181152
P31428,6.710073947906494
P45591,120.06644439697266
Q8BWZ3,9.69416618347168
Q9JIH2,3.145988941192627
E9PY39,13.145997047424316
Q9JKF7,19.610530853271484
P55772,4.0122456550598145
Q9CRA5,14.77424430847168
P01898,23.30982780456543
Q9ERB0,8.006585121154785
Q9D3U4,5.8839802742004395
Q91ZT8,4.216154098510742
Q3TMH2,10.245842933654785
O88967,4.448626518249512
Q9CQP2,1.732633113861084
P35293,151.62098693847656
Q80SY4,2.2233893871307373
O70423,6.27826452255249
Q56A08,5.547003746032715
D3Z2H9,185.19613647460938
Q91W69,0.36481213569641113
Q9QZN4,5.611318111419678
Q9Z1R2,33.96135711669922
P62960,184.7073516845703
Q61074,17.143142700195312
P02468,5.3583550453186035
P05132,61.337806701660156
O35621,3.6291394233703613
Q8CIB6,7.5054826736450195
Q91YY2,4.651674270629883
Q9R0Y5,27.48086166381836
G3X987,2.449030876159668
O88575,3.5716495513916016
D3Z7Q2,8.83108139038086
Q7TQI3,111.9454116821289
Q925F2,3.7830896377563477
P52196,430.9300537109375
Q9CZT8,5.964547157287598
P59266,3.2774415016174316
O55242,29.919662475585938
Q6P5D8,3.5880284309387207
P18293,0.6695133447647095
P70318,4.097945690155029
O08691,2.196969509124756
Q3TCH7,27.760393142700195
Q8K442,14.123010635375977
Q8VD65,5.179101467132568
Q80U19,1.148665428161621
P58391,2.089747667312622
A2ARP1,1.7356760501861572
O35704,4.820854663848877
Q8R1F5,14.021600723266602
A4UUI3,3.4407124519348145
Q9QXZ6,15.659210205078125
O88879,1.3590061664581299
Q9ERE7,26.335988998413086
Q9CPU4,27.293014526367188
Q3ULJ0,70.97801971435547
P99026,347.9216613769531
O88958,81.42446899414062
Q9CQA9,14.61691665649414
Q64478,121.81705474853516
S4R2K0,3.584683418273926
Q8BI84,77.29645538330078
P62192,139.77081298828125
Q80X73,6.807331085205078
P46664,94.51438903808594
Q91Z61,1.103990077972412
Q9DAC7,3.081319808959961
Q9ERA6,1.7597558498382568
Q8VHC3,3.4677934646606445
A2BHD2,2.842588424682617
Q9D8B3,23.230430603027344
Q9WTZ0,0.9033472537994385
P70303,5.872338771820068
Q8VIJ6,127.62077331542969
Q9DBW3,2.016463279724121
Q8R3C6,7.09885311126709
P52760,689.771240234375
Q99LG0,1.5598726272583008
Q3TZ89,1.8045480251312256
P13808,3.880215644836426
Q60590,9.349276542663574
Q8R1Q9,10.130016326904297
P16254,34.250614166259766
Q9JI91,16.218734741210938
Q9D0Q7,21.170555114746094
Q924T2,25.748489379882812
P56376,17.66939353942871
Q62422,51.271053314208984
Q01768,847.0016479492188
Q9CZX7,9.683873176574707
Q5QNQ6,1.3770043849945068
Q9CY66,4.668595790863037
Q60605,394.57623291015625
Q9JJ06,1.1734628677368164
P62751,388.12646484375
P50295,4.160681247711182
Q8R104,5.920515537261963
Q8VDT9,8.44092845916748
Q923G2,10.130006790161133
Q8R2Q8,5.936465740203857
Q78HU7,16.24761390686035
Q9Z130,31.14361572265625
Q91VU7,1.9873812198638916
Q4G0F8,6.435586452484131
Q9CQ18,5.3295578956604
Q99KP6,121.56198120117188
Q9D0S9,102.06084442138672
P63017,3353.443359375
Q9CQ06,21.64845848083496
Q8CHC4,1.9909210205078125
Q8K2I1,3.034325122833252
Q9QZE5,262.42364501953125
O08795,363.6150207519531
Q7TNE1,10.455597877502441
E9Q8Q6,1.7476816177368164
Q8R1G2,152.40420532226562
Q9D6S7,22.924779891967773
Q9R155,2.9794275760650635
E9PZP8,2.6877098083496094
O35488,431.3846130371094
W4VSP4,4.7971720695495605
Q9DBR7,7.05607795715332
P0C605,4.282676696777344
Q9JM93,21.666126251220703
Q8BGN3,0.19079875946044922
Q8BW00,5.970983982086182
Q7TQK4,2.703645706176758
Q8VHM5,47.77700424194336
Q9DCV4,113.69237518310547
Q9CY46,25.49030113220215
Q9CPT3,1.1875276565551758
O88531,63.131134033203125
Q8BXL7,4.365728855133057
P22907,21.836965560913086
Q5U3K5,3.8306074142456055
Q62432,0.5164754390716553
Q8VEA4,58.891666412353516
Q9JME7,3.816009521484375
Q8K268,19.25673484802246
Q99MW1,2.5641868114471436
P49312,215.20907592773438
Q6PGF7,5.511181354522705
P35564,635.0103149414062
P70389,4.609941482543945
P51163,3.8393325805664062
Q920R0,1.8107249736785889
Q99PT1,377.311767578125
Q6P8I4,13.966100692749023
Q91YM4,14.971029281616211
P62774,122.97332000732422
O08528,8.383138656616211
Q9D826,413.7226867675781
P62823,2.5170371532440186
Q6IFZ9,28.76859474182129
Q9JJW0,10.359363555908203
Q61599,68.63585662841797
Q8BG73,11.387929916381836
E9Q2E4,7.091475486755371
Q9Z0W3,3.4818105697631836
Q9QYR7,13.526460647583008
A2AKN9,26.09609031677246
P09925,15.136566162109375
E9Q4K7,104.58181762695312
Q9JL35,49.88307571411133
P18653,7.304569244384766
P62315,180.63453674316406
Q91VH2,17.580652236938477
Q62418,21.942520141601562
Q71LX4,80.80899047851562
Q922E4,41.49165344238281
P51612,5.78341007232666
P14246,62.30579376220703
Q9Z0R4,5.068290710449219
P28650,11.697028160095215
Q64445,27.38445281982422
Q9ES56,11.364561080932617
Q9Z1T1,60.94614028930664
O35691,51.66692352294922
O70303,4.277657508850098
Q8BGD9,147.9029541015625
Q8JZY2,2.7406115531921387
Q91VS7,463.0754089355469
Q9D1J1,3.148181438446045
Q61301,14.308754920959473
Q9DCT2,300.5682373046875
Q7TSH2,5.840919494628906
Q9D8T7,167.17665100097656
Q61838,651.4404296875
Q921M3,88.01530456542969
P70335,16.740524291992188
P30115,2842.994140625
O88895,1.7361679077148438
Q99JT2,0.8468772172927856
P04919,136.9171142578125
Q8R1Y2,3.2259469032287598
Q99JB7,7.474954605102539
A2AIL4,6.609936714172363
Q80ZW2,3.5287747383117676
D3Z5F7,8.768319129943848
O54962,181.82049560546875
Q7TQK5,6.544853210449219
Q8JZQ9,349.2483825683594
P08228,1298.280029296875
Q5FWK3,26.34100914001465
F6S200,2.3120410442352295
Q61820,74.31754302978516
C0HK79,3.2033586502075195
Q91X21,1.6213090419769287
Q9D8I3,1.5133333206176758
Q02248,112.95512390136719
A2ANY6,8.367825508117676
Q8R349,3.146912097930908
Q9D0B5,9.276263236999512
P97493,39.094566345214844
Q9DC69,365.0375671386719
B1AVD1,5.850398540496826
O89086,143.83241271972656
Q9R061,11.246597290039062
A2AL36,1.912548542022705
Q8K0D0,1.0087628364562988
Q9D6J6,233.43338012695312
Q61011,4.316446781158447
E9Q0S6,13.260805130004883
O70404,28.524295806884766
O55125,106.3292465209961
Q76I25,23.982200622558594
Q8CJG1,1.1815674304962158
Q9DCM2,752.797119140625
Q7TNG5,10.235240936279297
P63158,758.1785278320312
Q8VC28,175.81146240234375
P41241,2.4170360565185547
Q61414,27.8442440032959
Q9Z0F4,1.932616949081421
Q64442,1289.247314453125
Q9D142,3.019012928009033
E9PZF0,1009.2638549804688
Q9D0K2,120.28263854980469
O55143,483.155029296875
Q60932,1043.4176025390625
F6U473,23.2562313079834
P60605,18.22707176208496
Q9CQ89,13.022283554077148
Q8CHQ9,127.51956176757812
P63280,70.07211303710938
Q9Z2V4,390.4015197753906
A3KG59,2.666069984436035
Q9CZE3,1.7957501411437988
Q6PIE5,85.11144256591797
Q61789,2.4319846630096436
Q9CZ83,36.55132293701172
Q9DBG9,27.5029239654541
Q5SSL4,2.315927505493164
Q8C0L6,9.570932388305664
Q6P5B0,6.612872123718262
Q9D2Q8,15.349708557128906
O08601,647.0202026367188
Q9CQY6,11.536480903625488
O70251,482.977783203125
Q61235,3.3529043197631836
Q8R429,33.661834716796875
Q3U1J4,230.81809997558594
P61082,23.678329467773438
E9Q512,47.4669075012207
Q810A7,18.909225463867188
Q91X85,1.4678959846496582
Q8VC12,199.9402618408203
P60122,37.33089065551758
P97429,244.78567504882812
Q61191,33.74378204345703
Q9WUR9,45.75407409667969
Q9D114,19.6545352935791
P98203,5.535754680633545
Q91WN1,3.2054953575134277
Q9DD02,4.783544540405273
P70444,6.951534271240234
Q62086,43.82879638671875
Q08943,7.704512596130371
Q8BKG3,2.959566116333008
Q8C0C7,89.71329498291016
Q9CXE7,28.34599494934082
Q9D4H8,19.187101364135742
P28474,609.1707763671875
P56393,4.731556415557861
Q6NXH9,34.56734848022461
Q9ERT9,12.93356990814209
Q8CCS6,7.064159393310547
Q9JLI6,22.533859252929688
Q9Z321,1.0056328773498535
Q8K3H0,10.534128189086914
P56392,26.192108154296875
Q99KE1,6.270752429962158
Q9EQQ9,3.979123115539551
Q6PB66,759.1798706054688
Q8BHD7,32.84383010864258
Q9JJC6,0.9236091375350952
G5E829,22.105064392089844
Q9ER35,1.2202746868133545
Q8BT60,34.55255126953125
Q8K4Q0,1.7576689720153809
P06801,782.6525268554688
Q08857,36.687992095947266
G3X9F6,2.36730694770813
Q9D945,16.755918502807617
Q62093,40.73439407348633
Q9JHW2,208.5161590576172
Q9ERL9,1.4725146293640137
Q6NV83,82.48554992675781
O88990,9.253725051879883
P60521,4.315263271331787
G3UYJ7,225.4026641845703
O70475,227.52737426757812
Q8VDD8,1.607478141784668
Q8BGV3,7.019646644592285
O35730,3.575554847717285
P70340,1.2909681797027588
Q08642,1.1758124828338623
Q3UHN9,2.3217318058013916
Q9WVK4,196.5592803955078
Q99KK1,11.61013412475586
Q8VHK9,6.335350513458252
Q8VDL4,10.987722396850586
P60904,11.688582420349121
Q9CVB6,268.7113037109375
Q80X95,4.173007965087891
B1AVZ0,3.4383254051208496
O88307,6.905185699462891
Q9JHL1,7.302038192749023
Q5SWU9,224.6822967529297
Q9DBJ3,2.0276036262512207
Q9D892,106.58161163330078
P08121,1.3345167636871338
P56695,6.946463584899902
P54822,95.35932922363281
P28666,174.21356201171875
P68433,133.11257934570312
Q922U1,28.592409133911133
Q9D7X8,23.534215927124023
Q80UK8,2.5099728107452393
Q8BG67,9.008024215698242
D3YXJ5,1.5554072856903076
A2CEL0,26.14144515991211
Q9D6H2,1.4331114292144775
Q6A028,8.051371574401855
E9Q735,44.29848861694336
Q80W54,9.718672752380371
Q9D8C9,74.09521484375
Q3UDC3,1.9946963787078857
B2RXQ9,14.770746231079102
Q61753,9.644627571105957
O55128,17.211214065551758
Q91W63,18.702964782714844
O08553,150.021240234375
Q8R574,13.298245429992676
Q61036,2.0184266567230225
Q9CT10,6.842881202697754
Q64213,35.48616409301758
Q8BND5,6.532861232757568
Q8VC73,26.648311614990234
Q8BIK4,6.552605628967285
Q91WS0,210.48646545410156
Q8BMP6,28.6066837310791
P08553,4.199829578399658
Q8K057,0.16602957248687744
Q9JI90,0.43492555618286133
Q3UHA3,1.0821990966796875
Q80WJ7,13.006669998168945
Q9QY81,7.222790718078613
Q64133,74.04520416259766
Q62425,350.894287109375
Q9D554,53.43555450439453
Q9Z1A1,80.95476531982422
Q80UK5,33.25324249267578
O54990,0.7465744018554688
Q6IMF0,21.329689025878906
P62331,78.37785339355469
Q8CHT0,823.76025390625
P24288,1.3505396842956543
P26041,333.0458679199219
Q64010,35.27444839477539
O08804,4.544440746307373
Q02357,11.255851745605469
Q9Z1B3,3.6197309494018555
P00329,6670.3759765625
Q61749,13.791370391845703
P32067,139.13845825195312
O70481,8.981223106384277
Q9JMC3,4.681602954864502
Q9D8Z2,10.824567794799805
P27641,9.485122680664062
Q9QZ06,12.525400161743164
P16546,1070.46923828125
Q60739,10.147223472595215
Q8BML9,159.2438201904297
Q91YJ2,7.202019691467285
O35161,2.9794275760650635
Q99KV1,79.67566680908203
Q61703,29.505002975463867
Q8BKC5,107.95668029785156
Q7TNL9,16.319915771484375
O08688,1.2811017036437988
Q920I9,1.190697193145752
Q8BLR2,1.1546344757080078
P57759,245.2692108154297
Q9DBL9,6.208948135375977
J3QMW5,5.866025924682617
Q8VEE0,44.404972076416016
Q91WP6,11.532517433166504
B9EJR8,1.6702415943145752
O70311,1.7287592887878418
Q9D379,269.119384765625
Q8CIM8,2.090515375137329
O70577,2.148282527923584
P00375,73.15029907226562
Q14CH7,7.249505043029785
Q91YY5,4.823696136474609
O09174,181.3875274658203
Q9D0B6,22.050979614257812
Q9EQH3,214.9533233642578
Q8BMG7,20.19597053527832
Q91WT8,16.91370964050293
Q61503,5.5957841873168945
Q62446,212.0439910888672
Q8BX70,97.01264190673828
Q9D710,3.283871650695801
Q8C1B7,37.87810516357422
Q64520,35.70829772949219
Q9EQH2,102.73934936523438
Q9JK42,16.802417755126953
P62858,297.2657775878906
Q922J3,48.37263870239258
Q9QZQ8,276.31256103515625
Q9R0P4,19.910364151000977
Q8K209,2.921196937561035
Q9D735,5.124087810516357
Q6PHU5,3.9644203186035156
P51175,9.27770709991455
Q8BZT5,3.5330777168273926
A0A1Y7VKT9,6.2949090003967285
Q8K2V6,1.1822960376739502
P97298,3.073599338531494
Q91WU2,3.8513412475585938
E9PY16,1.7166287899017334
P84309,2.7963502407073975
O08848,1.9459044933319092
Q9CQW9,55.80360794067383
P19258,13.920353889465332
Q9CY97,7.390738487243652
Q922Q8,362.895751953125
Q3LAC4,1.7016303539276123
Q70KF4,2.7836344242095947
Q8BVA5,15.507535934448242
Q64455,2.9744935035705566
P46656,52.648536682128906
P36552,47.86067581176758
Q5SYD0,10.150595664978027
Q91V61,9.471627235412598
Q61166,73.00619506835938
Q8R404,207.3535614013672
Q9QZD8,252.1177978515625
Q9QZZ6,21.575490951538086
Q8CC88,314.12091064453125
Q924H7,0.6491916179656982
Q9D2I5,1.2405107021331787
Q80U44,0.9059643745422363
Q3TEA8,56.593990325927734
Q03173,3.1805214881896973
Q99L20,196.86276245117188
Q9QY76,76.58001708984375
Q9CQI9,1.913527488708496
Q7M6Y3,58.54355239868164
Q9JIF7,405.19415283203125
Q64514,139.1092987060547
Q4KML4,76.28662109375
Q3V4B5,3.657285690307617
Q8C2Q3,38.00218200683594
Q8JZQ2,121.81037902832031
Q8VBZ0,2.1249911785125732
Q9D2R8,2.264023542404175
Q8K2K6,9.293574333190918
Q8BNI4,22.842491149902344
P33609,0.9094698429107666
O35343,37.389835357666016
Q61576,1.2352683544158936
P61027,181.8507080078125
P11031,80.79692840576172
Q9D8E6,1094.660400390625
P35700,2491.637451171875
Q8BGF0,7.973882675170898
P62830,553.970458984375
P83882,255.10128784179688
Q9WUT3,1.972036361694336
Q9Z1K8,3.750216484069824
Q64467,17.044597625732422
Q61025,1.2631032466888428
Q80VC9,2.075141429901123
Q9CR63,3.4995217323303223
Q9D1M7,15.466480255126953
Q8CFX1,145.06350708007812
P27808,0.42984962463378906
Q9EPL9,31.95932388305664
Q04646,2.2572038173675537
Q9CZ69,5.717766761779785
Q61704,9.29760456085205
P61110,21.659900665283203
Q8BYY9,2.304635763168335
O88983,7.033125877380371
Q60692,264.5520935058594
Q7TNH6,22.563268661499023
P22315,73.18488311767578
Q62189,46.93773651123047
Q62186,150.3250732421875
P56380,35.12996292114258
Q8QZS1,602.0185546875
Q9WUD1,4.5696187019348145
D3Z450,8.38733196258545
Q9D1B1,10.051549911499023
Q6P8N9,16.749120712280273
Q61411,11.485404968261719
Q6ZWX6,353.9195251464844
A2AEP0,1.963731050491333
P11588,39.3270378112793
Q3TYX3,2.5144152641296387
Q9JHH9,4.806400775909424
Q9WV68,65.32022094726562
P09813,40.102352142333984
Q8CI08,3.2923059463500977
Q8CDG3,9.338189125061035
Q91YE6,44.497344970703125
Q60751,0.7547920942306519
Q91WG5,2.639038324356079
Q8VEH5,4.64368200302124
Q9EQ00,1.1205787658691406
P68134,130.48507690429688
Q5SFM8,0.9288702011108398
Q8BGT8,1.0741798877716064
Q9CYW4,118.0809097290039
Q9EPU4,2.360988140106201
P15105,496.56036376953125
A6H8H2,15.203107833862305
Q9ERD7,58.31649398803711
Q8CIM3,14.140791893005371
O88533,32.66035461425781
Q9WU40,9.456090927124023
Q9D906,8.382781028747559
O88351,2.28739333152771
Q3UYK3,1.1916065216064453
Q99L88,15.18099594116211
Q99M31,1.653839349746704
Q9CR10,3.1665992736816406
P62196,177.38467407226562
O35448,5.443854808807373
P53026,371.7462463378906
Q9WV96,13.71271800994873
B1AVY7,1.50815749168396
Q99KR3,229.65858459472656
Q6ZWQ9,96.6339340209961
Q9DCH4,129.1438751220703
Q99LP6,234.4481658935547
P52503,194.23208618164062
A2A690,0.7575780153274536
Q80TA6,2.452420711517334
Q9D6P8,15.818828582763672
Q8K021,12.174637794494629
Q99KC8,34.93464660644531
Q5ND29,2.9239699840545654
Q61627,1.2074284553527832
P34914,1182.8853759765625
Q8K1N2,2.2589492797851562
Q99L60,2.53157377243042
P11859,6.126244068145752
Q6ZQH8,1.580920696258545
Q9ERI2,3.1199493408203125
Q61897,18.72493553161621
Q9CQ21,12.951139450073242
P04627,2.6287424564361572
Q9QUK9,11.296493530273438
Q9CQE7,3.596287727355957
Q9QZS5,7.0076446533203125
A2A8L5,1.7593762874603271
P56389,9.195394515991211
P54818,2.344918727874756
Q9CQ40,30.17451286315918
Q9CQ79,0.8297654390335083
P54103,3.993375778198242
Q9QXA6,6.279051303863525
Q9WUM5,551.1011962890625
Q8R2U6,8.085123062133789
O35114,44.31121063232422
Q3UWL8,19.018983840942383
A2APY7,2.5828232765197754
Q9ES97,19.108537673950195
Q8CIN4,41.04050827026367
Q8VDT1,4.52750825881958
P14824,573.4248657226562
Q9R0Q3,73.30181884765625
Q99KU0,7.809157371520996
Q9CPY0,2.5600075721740723
Q9DBC7,15.359302520751953
P42227,35.11135482788086
Q9DBT5,10.82569694519043
Q3UM45,51.6933708190918
Q8C3X2,52.80335235595703
P70372,135.63919067382812
P32848,11.658994674682617
Q8K221,1.4730496406555176
G5E8Q8,3.855131149291992
Q9WTI7,49.995887756347656
P12265,22.855178833007812
P11499,2487.328125
Q6PCP5,12.405351638793945
Q9Z1R3,21.839391708374023
P48453,3.453092575073242
P62307,51.56731033325195
Q78S06,8.072031021118164
Q5H8C4,78.07411193847656
Q9D883,33.093292236328125
Q8K2Z2,1.618556022644043
Q7TQG1,1.239023208618164
Q99L27,4.269961357116699
Q80ZK0,45.29609680175781
Q7TMK9,236.90408325195312
Q91VW5,28.67734146118164
Q8BLY2,7.8629302978515625
Q9CR51,18.761178970336914
Q9DB43,4.51589822769165
Q61699,138.7813262939453
P51661,34.49626922607422
Q78T54,6.406742572784424
Q9WUB7,6.1191325187683105
Q9CQU8,3.138554096221924
Q9JHU9,49.77833557128906
Q9WUK2,79.3040771484375
Q8BGH2,186.8595428466797
P48962,542.1702880859375
Q9EQP2,28.123985290527344
Q3UE37,6.415842056274414
P48722,51.64262771606445
Q62074,1.4795987606048584
P56371,6.421959400177002
O09131,328.9106750488281
P06537,1.5736088752746582
Q3UQ28,3.3349227905273438
E9Q1P8,2.91605281829834
P63330,44.67225646972656
P61963,7.913317680358887
Q2EMV9,3.1904053688049316
Q9CR95,4.619898796081543
P48410,3.0839648246765137
Q9CPX8,8.037737846374512
Q91V89,3.0938501358032227
P24452,26.457792282104492
Q8VCM7,401.3533020019531
Q9CQV4,4.109924793243408
P24788,12.445367813110352
Q8WTY4,29.64332389831543
Q8R0Y6,2391.309326171875
Q61545,34.41608428955078
Q9JKX6,45.3725471496582
Q80Y61,7.12606143951416
Q810U5,3.2385711669921875
Q65Z40,1.2367312908172607
Q6ZWV3,283.8079833984375
Q9QXZ0,84.20166015625
Q9D024,53.1680793762207
Q6URW6,37.390865325927734
Q64695,12.553500175476074
O54774,48.502899169921875
P02463,2.676973819732666
Q9JKZ2,2.816032886505127
Q8R0A0,4.749809265136719
Q9EPX2,13.928387641906738
O88909,3.991478443145752
Q7TT50,27.999988555908203
Q9D115,9.7777099609375
Q62433,74.84428405761719
Q3U5Q7,13.180559158325195
P58774,73.76715850830078
Q9D924,7.84995174407959
Q8CH18,56.3056640625
Q8BGZ7,52.680782318115234
P08103,2.7501654624938965
Q9CY50,34.29914474487305
P41234,3.0246152877807617
Q9D6V8,8.675714492797852
Q9DBB9,19.7125301361084
P63254,58.23920822143555
P59326,3.149928092956543
Q8BZF8,0.8643568754196167
Q8R317,56.83055114746094
Q8BRF7,62.64156723022461
Q8K3C3,26.93658447265625
P97872,411.5251159667969
Q8R570,1.173701524734497
Q8JZZ7,0.9546955823898315
P60003,12.985482215881348
Q3TDD9,4.816205978393555
Q9CPY1,2.4474265575408936
P07901,2092.96337890625
Q9CPR6,5.510807991027832
Q9D172,574.4967651367188
P68040,1050.578125
Q9D8P4,22.108844757080078
Q69ZR2,18.248214721679688
Q80YC5,12.499500274658203
Q6P4T2,106.48738861083984
Q9DBC3,4.663425922393799
Q60675,6.077166557312012
Q6PDB7,18.057811737060547
Q925N2,10.963706016540527
Q8BTS3,10.470367431640625
Q91W39,32.290523529052734
Q6PGC1,11.69726848602295
P27005,29.968900680541992
Q2TBE6,11.284932136535645
Q9CZ13,913.9586181640625
Q8CFA2,71.58708953857422
Q6NT99,7.642213821411133
P47962,711.0526733398438
Q9QY15,1.153984785079956
Q64337,10.08610725402832
Q8BGY7,16.59736442565918
Q6P4S8,4.423110485076904
Q8BSF4,1.761117935180664
P27889,5.263607978820801
Q9DCJ1,4.000740051269531
Q9JIX0,18.108564376831055
Q99JW4,5.046850681304932
Q62210,1.5575196743011475
Q6ZQ88,5.978688716888428
Q9QZS7,4.1240739822387695
P70288,11.235142707824707
Q9CQJ6,45.458675384521484
Q9CWG9,7.1180419921875
P47941,12.379435539245605
Q9QVP9,2.201462745666504
O88291,9.908439636230469
Q8R420,2.374927520751953
P34928,29.935766220092773
Q9CPW4,136.2560577392578
P40124,373.75042724609375
Q8C0J2,3.2815279960632324
Q8BHH1,2.431143045425415
Q9WV02,75.06279754638672
Q8VCM8,23.703248977661133
Q8CGP5,41.97014236450195
Q9D5V5,12.210023880004883
Q9JJZ2,103.65532684326172
Q9WVQ5,26.452669143676758
P63163,9.481706619262695
Q8C7H1,13.994379043579102
O54983,4.899847984313965
P01592,2.5840981006622314
Q6IFZ6,43.640655517578125
Q99PL5,658.1612548828125
Q9Z2N8,48.89596176147461
P62984,192.32276916503906
Q9CPW2,6.988015174865723
E9Q368,3.0123910903930664
P58252,2156.001220703125
Q9CWK8,149.8944549560547
P60229,91.34739685058594
O89051,6.500392436981201
Q9CZN8,2.2931387424468994
Q9WVM8,152.71653747558594
Q9CQD4,3.3650364875793457
Q9Z2W1,3.410752773284912
E9Q394,2.325113534927368
Q9QUI0,202.10971069335938
P06683,3.863340377807617
P62983,609.4076538085938
Q8K2Q5,18.109676361083984
Q9Z2I9,869.61376953125
E9PXN7,36.78824234008789
Q9CXS4,62.047218322753906
Q61247,29.18286895751953
Q9CQF0,21.759855270385742
Q8VDP4,40.68848419189453
P12367,34.18516159057617
Q9CYG7,4.3275041580200195
O55100,9.77319049835205
P84084,173.5621337890625
P59999,139.61224365234375
Q63850,20.19654083251953
Q9JLV5,34.299522399902344
O35425,1.4556710720062256
Q8CI59,4.4238481521606445
O70433,1.9615485668182373
Q9ES07,2.2170627117156982
Q505F5,15.322002410888672
P86048,170.8887176513672
B9EJ86,3.5052237510681152
Q9D6T0,1.0194523334503174
Q91YN5,6.1851983070373535
P98200,2.4058306217193604
Q9DCT8,60.66323471069336
Q8R1V4,65.54106140136719
P35282,41.051334381103516
Q9CXI5,500.2447814941406
Q8N7N5,8.13866138458252
O35657,2.8117988109588623
Q3U3R4,5.000154972076416
P70362,13.890429496765137
Q3TC93,12.749701499938965
Q99K28,10.625284194946289
Q9Z2E1,11.302995681762695
Q4QQM4,2.53497576713562
Q9D1M4,26.260452270507812
Q91W52,2.595526695251465
Q8K0L9,12.85667896270752
P58044,50.53626251220703
O35658,277.02734375
P51410,378.8701171875
Q9Z1N5,114.21408081054688
Q9Z2W0,155.76739501953125
P16054,0.7653336524963379
Q8R115,6.279051303863525
Q9WUL7,16.28607177734375
Q6PE01,80.0309829711914
P70404,182.6185302734375
P48428,265.89068603515625
P35505,902.6447143554688
P28661,5.164007663726807
Q80UW5,1.931809902191162
Q3UVK0,9.22555923461914
Q8K0E3,5.970399379730225
A2ALS5,0.9705632925033569
Q9D110,5.579556941986084
Q3U7U3,2.5424983501434326
P97450,340.2822570800781
F8VQM5,3.0241994857788086
Q3UFF7,35.558895111083984
P97350,4.064417839050293
Q8CHP8,22.755992889404297
P35585,23.309261322021484
Q8R5J9,84.60063934326172
Q9DCB8,26.428895950317383
P02469,7.076706886291504
P23927,37.972023010253906
P53994,168.66465759277344
Q9CQA6,7.25546932220459
Q3V132,173.18927001953125
P46467,22.36563491821289
A0A140LIF8,5.21820592880249
P54797,6.255800724029541
Q91X83,131.66299438476562
Q62261,561.568603515625
Q920B9,20.254667282104492
P12658,4.7383294105529785
Q8BMS1,1744.285888671875
P62137,57.08472442626953
Q8BGA9,6.797799587249756
Q6P3A9,2.8004539012908936
Q8R395,34.55254364013672
Q9JKF1,395.0960388183594
Q923I7,5.779139041900635
Q61129,3.5009255409240723
Q62465,119.08651733398438
Q8BKE6,4.295015335083008
P47934,48.558502197265625
Q8BP67,541.76220703125
Q9CR25,5.045182228088379
Q8BH00,152.2312469482422
P42669,195.6394500732422
Q922Q1,400.8524475097656
Q9CZX8,797.4411010742188
Q9R0Q6,20.447063446044922
Q8BY71,3.8445892333984375
Q923D5,16.8751220703125
P97760,4.538254737854004
Q64430,1.213679552078247
Q9D882,7.423205375671387
Q922R8,880.7953491210938
Q921I9,14.988815307617188
Q6A0D4,3.8296051025390625
Q9QXG4,204.87332153320312
Q9EST5,95.38249969482422
Q8BZW8,13.2457857131958
Q8VCA0,6.1191325187683105
Q9DB16,7.068703651428223
Q69ZQ2,8.830063819885254
V9GXR0,3.977548599243164
Q8BKX1,3.2754344940185547
Q8C196,4597.869140625
P11798,2.0353550910949707
Q8BVD5,5.945697784423828
Q9CRB2,53.4241828918457
Q9CSV6,2.3934688568115234
Q9D1B9,15.266792297363281
Q8BKX6,6.920264720916748
Q571E4,3.146757125854492
P57080,3.5072426795959473
Q60575,6.5268425941467285
Q62203,50.25328063964844
Q3U319,1.5996003150939941
P0C0S6,313.2198486328125
P23198,69.89717864990234
Q8BUN5,4.9545488357543945
Q9JII5,16.592004776000977
Q9QUH0,74.8385009765625
Q9ESP1,127.83843994140625
P09041,45.134788513183594
Q9D0T1,32.569183349609375
P70296,718.3030395507812
Q8C166,14.730284690856934
P12970,250.75042724609375
Q99LR1,4.474835395812988
Q8VHG0,6.953483581542969
Q91WJ2,6.1191325187683105
A2AKX3,1.265371322631836
Q91YP2,63.51343536376953
P97355,2.7809112071990967
Q06138,44.329647064208984
Q8BWU5,6.678321838378906
Q9DB41,4.472886085510254
P02088,3174.068359375
Q9R0U0,21.014694213867188
Q6NWV3,2.1823859214782715
Q63844,29.062664031982422
Q6WKZ8,5.678668975830078
Q99LC5,1353.771240234375
P56528,10.67371940612793
Q8VDP6,20.766355514526367
Q3UX61,7.79592227935791
Q8BX17,1.7072217464447021
P23492,268.84326171875
P33175,2.883660078048706
Q61103,4.109630107879639
Q69Z37,3.278806209564209
Q6NVF9,43.37169647216797
Q9CZY3,51.95737075805664
P61222,120.42767333984375
P00342,46.096126556396484
Q3UUQ7,1.9582922458648682
Q8R5H6,1.3835737705230713
P80316,379.14697265625
Q9D6R2,399.9590759277344
P15864,74.91493225097656
Q8BHB9,1.6579904556274414
P14429,5.081410884857178
Q9JMG3,3.1211624145507812
O70579,2.3137497901916504
Q68FF6,2.487962245941162
Q9Z2U1,98.73768615722656
P35292,13.370930671691895
Q9EPC1,28.438154220581055
Q8BXK8,2.851010322570801
Q7TNE3,5.967555999755859
Q60766,33.58293533325195
Q91VL8,0.3148941993713379
A2AKK5,14.257762908935547
Q9CYN9,6.1378655433654785
Q64669,17.48307228088379
Q9Z331,36.88679504394531
Q64152,224.14239501953125
Q6A026,23.835147857666016
Q9D6K5,18.655202865600586
P03888,40.012027740478516
Q8BVI5,6.001564979553223
Q8VED2,0.7724020481109619
Q64475,107.96858215332031
Q64253,1.6518099308013916
Q8BVL3,2.347429037094116
Q9ERY9,5.942895412445068
Q8R4X3,4.6473846435546875
P56546,4.444669246673584
Q9QXE0,995.0546264648438
Q6P5G0,1.4832215309143066
B2RT14,35.47288513183594
Q08091,8.419278144836426
P47758,113.0918960571289
P52479,25.560211181640625
Q810U4,0.7159651517868042
P70158,20.85700035095215
E9PYP1,8.059735298156738
Q8BGS2,20.828964233398438
Q8C7E9,8.209339141845703
Q80U93,6.752799034118652
Q9DBB5,3.6199183464050293
Q497I4,19.60587501525879
O35593,65.45846557617188
Q99N11,1.730281114578247
P16125,90.39786529541016
Q68FL4,20.35030746459961
Q8CGP7,48.3360595703125
Q9Z0N1,171.72633361816406
Q9R099,33.05012130737305
P52482,1.0426685810089111
P62843,539.0405883789062
Q9JM14,37.87758255004883
Q8BXC6,14.408677101135254
P17879,73.42960357666016
Q8R3I3,5.416843891143799
Q7TNC9,4.992050647735596
P70333,32.734981536865234
Q7TMQ7,2.3897805213928223
P50580,400.9786376953125
Q11011,103.47157287597656
Q9CQE3,21.399290084838867
Q9WTL7,39.34465026855469
O70378,25.94655418395996
P52624,5.769154071807861
Q3TWW8,13.401814460754395
Q3UH93,1.408857822418213
P50247,843.2396850585938
A2A8L1,7.752091407775879
Q00560,3.393641948699951
Q9DCN2,657.3236694335938
P17156,56.900325775146484
Q2TPA8,86.14539337158203
Q9D832,4.648895740509033
Q9CWJ9,329.24609375
Q8VBV3,2.2779533863067627
P97290,14.632686614990234
Q9DBZ5,48.27041244506836
Q9D8V7,5.862479209899902
Q9JK23,9.445646286010742
Q3U0S6,5.455180644989014
Q99LD8,18.84231185913086
Q9ESY9,20.235755920410156
Q62095,18.888601303100586
B8JJ69,9.670830726623535
Q8R1Q8,70.02801513671875
Q8CI43,3.3993821144104004
Q64339,106.60961151123047
Q1HFZ0,17.13277244567871
P42859,31.735946655273438
Q8BTZ4,1.624269962310791
Q9DCS9,434.45562744140625
P14115,161.55030822753906
P56387,17.75147819519043
Q9EPE9,38.917274475097656
Q60714,2.693977117538452
Q99P88,16.78716278076172
P58281,243.0608673095703
Q9CWZ3,40.6893196105957
O70228,3.081066131591797
P46737,15.471412658691406
Q9D0M1,10.114357948303223
Q8K441,11.399724960327148
Q8BFQ8,7.592094421386719
Q8C7J6,1.5486783981323242
Q02819,82.58822631835938
Q9ER72,28.214122772216797
Q91YN9,1.537144422531128
P08113,2276.75732421875
Q810B6,24.63292121887207
O54909,82.3115234375
Q8BTV2,3.8444361686706543
Q91YL3,1.2176885604858398
Q9CR88,11.101232528686523
P53395,597.3477783203125
P28825,27.01873207092285
Q9CQN1,416.1620788574219
P24549,582.7607421875
Q7TQK1,0.8405106067657471
Q9JKP5,16.149953842163086
P26450,3.5250611305236816
Q8R1B4,171.56597900390625
Q7TSQ8,3.6417007446289062
Q5DTY9,3.090664863586426
O35350,59.4842529296875
Q9JHK4,7.257448196411133
Q8C3W1,3.0407958030700684
P56402,33.25324249267578
P37804,159.808349609375
Q3TDN2,18.3754825592041
Q00724,32.01944351196289
P62827,272.5608215332031
Q9JL56,3.512455463409424
Q9ESJ0,3.927943706512451
Q8BS40,2.4038450717926025
P61161,185.5470733642578
P47740,266.52191162109375
P14602,8.82340145111084
Q91WL8,3.911360263824463
Q9CW03,66.20028686523438
Q9CQ54,263.9422607421875
Q9CQA1,23.324827194213867
O35945,348.0466003417969
O08914,15.61357307434082
Q8R2U4,6.252946376800537
Q80Y98,3.4708752632141113
P05784,359.71856689453125
Q91VX2,6.268941402435303
Q8CIM7,258.54815673828125
P52293,1.8080432415008545
Q80VP1,17.159181594848633
P63321,28.403154373168945
P01027,753.3013305664062
Q8VDM6,28.339134216308594
B1AWT2,2.182067394256592
Q62426,150.8084259033203
Q9CSU0,9.1451416015625
Q9WVK0,9.077958106994629
Q9WVJ3,41.1437873840332
E9PVA8,162.81666564941406
Q8R3N6,8.17284870147705
Q8CGA4,4.3537139892578125
Q99KD5,6.198716163635254
Q8R2Y3,2.3815419673919678
P29699,175.7833251953125
P52332,2.2524561882019043
Q8K0H1,3.9351887702941895
P28063,33.21943283081055
Q9D593,16.837709426879883
Q8VDP3,2.366023063659668
P10639,447.1798400878906
O70572,4.223657131195068
Q8R1N4,2.416621446609497
O70591,38.42611312866211
Q9CPX7,13.482272148132324
Q3ULQ2,8.807876586914062
Q8VHJ5,3.021711826324463
Q9CY16,17.530315399169922
Q8BHG1,35.124977111816406
P55264,265.6793518066406
Q8K0D5,128.07333374023438
P19639,159.78805541992188
P51150,370.3168029785156
P58404,1.1429767608642578
O55101,5.6212358474731445
Q9QYJ0,120.69869232177734
Q60767,0.6906694173812866
P14483,11.558516502380371
Q8BHY3,2.5459132194519043
F8VQ05,3.3149189949035645
Q91ZA3,548.8384399414062
P62311,35.58440017700195
O08917,6.7319159507751465
Q3U0V2,6.606441497802734
P86049,2.81123685836792
O89017,82.79231262207031
P06281,2.198929786682129
Q00623,736.5547485351562
Q8R050,86.76335906982422
P63087,107.18891906738281
Q6VH22,0.7686065435409546
Q61033,37.724632263183594
Q05A62,4.4183669090271
Q80YV4,6.609316349029541
Q3UW53,13.10129451751709
Q9D3H2,1.5758812427520752
P19157,720.2952270507812
Q69ZT1,2.5729920864105225
O35841,12.549449920654297
O35623,11.57561206817627
Q4ACU6,2.7198002338409424
P53995,3.010225296020508
Q9JIK9,23.445301055908203
Q91VC3,99.34210205078125
Q8CI95,1.65891695022583
Q8R086,356.99395751953125
Q99JF5,9.51087474822998
Q501J2,5.745998859405518
P35487,6.316339015960693
Q99P86,33.25324249267578
P18242,424.8587341308594
Q8CCB4,6.162996292114258
Q7TSV4,23.89879035949707
P10852,94.67156219482422
Q8CBB6,58.53807830810547
P61620,21.29083824157715
Q8BH55,1.0195198059082031
G5E8H9,101.09239196777344
Q5SSZ5,4.596970081329346
Q8R107,3.030186653137207
Q9D0A3,3.7584729194641113
Q8BMK4,30.840045928955078
Q7TMC8,3.0596866607666016
P62869,130.6386260986328
Q9DD03,6.093435287475586
Q8BK67,8.105860710144043
S4R1W1,145.54879760742188
Q9CXN7,93.94913482666016
Q8C9H6,2.5137877464294434
P10493,6.037169933319092
Q9CZ28,10.455931663513184
Q9JIY5,15.532447814941406
Q80UU9,92.02974700927734
P08730,32.945472717285156
Q09324,5.6183295249938965
Q8BTG7,0.3765904903411865
F6Q785,3.8340396881103516
P43025,14.196677207946777
Q64727,763.3762817382812
B1AQP7,2.9763131141662598
P97863,7.267147064208984
Q3THF9,7.166543960571289
Q6V4S5,1.062962532043457
Q3URE1,40.56233215332031
Q8QZR5,79.58048248291016
P81117,7.082701683044434
Q3SXD3,5.624259948730469
Q9ESD7,41.337730407714844
Q9CQR2,343.3328552246094
P70290,38.084251403808594
Q6GQT1,1.2614789009094238
Q9JHQ0,3.73921537399292
Q8BTY1,45.513694763183594
Q61781,19.584178924560547
Q9WVD4,2.8097047805786133
Q80V26,2.538533926010132
Q8K211,5.869935989379883
Q8VCS3,6.312687873840332
P26150,45.95148468017578
Q91VX9,1.1821491718292236
Q8BIG7,44.36056137084961
A2AEY2,7.928096771240234
Q9Z0G0,3.7720794677734375
Q9Z0N2,89.9198226928711
Q8BHE8,11.56318187713623
Q9JLI8,35.60708236694336
Q9EQC8,10.356860160827637
Q8VI63,5.615366458892822
Q62165,11.187485694885254
Q6QD59,17.89002227783203
P97494,75.70439147949219
Q9CZH7,11.13278579711914
P61211,56.290565490722656
Q922J9,0.5495107173919678
P35235,27.690038681030273
Q9JLJ4,20.981966018676758
Q3URQ0,5.547306060791016
P70460,8.25532054901123
P62257,6.156209468841553
P53702,12.30186653137207
Q6PD26,9.442879676818848
Q61696,135.48655700683594
Q91VT4,143.37936401367188
Q9CS00,24.52325439453125
Q9D880,72.37242889404297
Q9CXF0,11.20483112335205
P18894,3.1953821182250977
P13020,166.11293029785156
O35887,128.48709106445312
Q60649,14.05197811126709
Q9D7M1,4.216765403747559
Q8C0M9,5.110625267028809
Q811I0,4.9372124671936035
Q9DAW6,26.85519027709961
Q9R013,8.8661527633667
Q9D2M8,55.00006103515625
P61750,125.64302062988281
Q8QZZ7,14.849112510681152
Q9D136,2.9931492805480957
Q05920,1842.41796875
E9Q612,1.7225573062896729
Q8R2Y0,27.27459144592285
E9Q6J5,1.874309778213501
E9Q2M9,1.5312442779541016
P70414,5.189643383026123
Q6DFZ1,38.859771728515625
P54071,1617.2030029296875
Q3TDK6,2.045769691467285
Q99JT9,44.471187591552734
Q80VA5,4.039484024047852
P62484,3.1473116874694824
Q9CQR7,2.9618194103240967
Q9D0F3,498.49993896484375
Q4KWH5,0.9971797466278076
Q8BFW7,33.598487854003906
Q9DCM0,79.92346954345703
O88384,9.12611198425293
Q99L13,583.6991577148438
O35452,7.975250244140625
Q91YD6,0.43505358695983887
O35678,57.71507263183594
P49769,1.700361967086792
A6H694,8.28683853149414
E9PZ16,66.13958740234375
Q60749,23.199018478393555
Q9D6F9,221.75804138183594
Q80ZS7,8.24606704711914
Q9DCW4,1300.9639892578125
Q80TY0,2.4255335330963135
O35153,5.572141170501709
Q9Z0Y1,28.118621826171875
O88696,100.72566986083984
Q3UR70,1.1503312587738037
O35166,41.30340576171875
Q80UW2,-0.09555256366729736
Q9D1J3,15.251733779907227
Q8CGY8,24.41185188293457
Q9D1G1,250.47154235839844
Q9Z0P4,2.707716464996338
Q8BHC4,12.51744270324707
Q9D1L9,11.385101318359375
O88792,9.485640525817871
P11714,174.5343475341797
Q6AW69,3.413701057434082
Q6ZPS6,0.8133038282394409
Q6PAV2,8.430112838745117
Q91YJ3,4.074149131774902
Q9CY62,9.379227638244629
O08692,10.475711822509766
O88952,26.106035232543945
Q9DBG6,570.7584838867188
P09055,95.19172668457031
P33622,32.71416091918945
Q8BWG8,10.059303283691406
Q9WU65,43.17891311645508
P0CG50,34.38541793823242
O35239,0.8016284704208374
Q8R3P0,6.619458198547363
Q99J99,75.76679992675781
P63028,786.5746459960938
P83917,32.337215423583984
Q9DCN1,25.24784278869629
Q9EQJ0,1.7819480895996094
E9PZ36,2.9794275760650635
Q6P5F9,119.86489868164062
Q9CX34,58.30047607421875
F8WIA3,2.4533615112304688
Q99N69,1.7611494064331055
Q6P9R4,1.8281140327453613
Q02111,1.3040611743927002
P27612,41.8799934387207
P19324,37.953948974609375
Q9CQ88,1.9375710487365723
Q91VH6,35.71266174316406
Q9D8B4,90.67276763916016
Q3UGY8,1.1783206462860107
P70206,1.6142077445983887
Q9QXS8,4.051698207855225
Q80VJ2,9.457319259643555
Q9CQT5,2.1454837322235107
Q9D6Z1,131.27146911621094
Q8BYF6,5.299589157104492
Q60854,180.634033203125
F7BGR7,2.9006683826446533
Q99M73,8.475513458251953
Q3UVG3,4.957510471343994
Q9D338,13.123064041137695
Q61765,9.014357566833496
Q9DC16,18.539554595947266
Q61207,156.60745239257812
P29416,9.44031810760498
Q9Z108,8.606590270996094
P58064,12.181807518005371
B2RXS4,12.371949195861816
P36371,19.578163146972656
Q9DAW9,41.50585174560547
P61957,33.97649383544922
O88532,31.11111068725586
Q64674,29.042800903320312
Q8R0I0,3.024043560028076
P19246,2.089472770690918
Q8C5W0,3.4732823371887207
O88951,1.2114636898040771
P36993,13.334161758422852
Q921J2,20.611312866210938
Q9D773,13.151605606079102
Q5SSH7,53.69816207885742
Q9JII6,692.416015625
Q62159,166.38287353515625
Q93092,854.6192626953125
P41438,4.275434970855713
L7N463,46.65003967285156
Q9D8U8,47.638816833496094
Q99M71,3.511176109313965
A2ASS6,18.02947998046875
O08585,34.44973373413086
Q3THG9,11.3554105758667
O35082,4.1074748039245605
P58735,4.751404285430908
Q07417,482.4604797363281
Q9QZC2,1.1078481674194336
Q6P3Z3,3.757997512817383
P63085,88.65592956542969
P50462,6.935488700866699
P84244,431.2476501464844
Q3TBW2,14.307716369628906
Q8BIL5,3.9536328315734863
Q8C7U7,2.368528127670288
Q3UQ44,117.43540954589844
B1AR13,31.007068634033203
C0HKE1,95.3786849975586
P62281,976.1138305664062
Q9D7W5,7.398828506469727
Q921H9,20.57111358642578
Q06890,29.067739486694336
Q49B93,2.4765090942382812
P17751,1499.1085205078125
P27601,12.370635032653809
Q8VE47,21.020471572875977
Q8K4F5,32.77333068847656
Q9Z172,30.64491081237793
Q924Z4,38.71808624267578
Q8JZK9,49.49628829956055
P50136,312.46160888671875
Q9Z1M8,22.468408584594727
Q6NVE9,2.792912483215332
Q9WU79,117.90695190429688
O54941,7.947361946105957
F8VPX2,8.351717948913574
Q9WUR2,118.92813110351562
Q9Z0S1,271.0989990234375
Q9D939,16.530092239379883
Q80U35,0.9776443243026733
Q8BYH7,4.696865558624268
Q8VBV7,71.30626678466797
P56395,768.0513305664062
Q6ZWY6,16.630802154541016
Q00899,1.8151586055755615
P42337,4.667828559875488
Q9DCE9,10.361873626708984
P08556,7.220378875732422
Q9DB26,5.448859691619873
Q01320,10.838297843933105
E9Q5C9,2.368164300918579
P97454,2.283583402633667
Q8BFP9,9.081795692443848
Q9R1T2,42.51674270629883
Q8C863,1.2620704174041748
P11157,1.6155126094818115
Q61211,3.799197196960449
Q64524,93.95930480957031
A0A140LIT3,7.511627197265625
Q99K85,9.175429344177246
O88572,2.6805965900421143
Q9CYN2,96.64842987060547
Q64378,8.522049903869629
Q8R1U1,3.2768044471740723
Q9QUM9,247.05088806152344
A2A4P0,7.258296012878418
P97798,1.535475254058838
Q7TQ48,1.9398670196533203
Q6PNC0,7.838382720947266
P23116,599.5154418945312
Q61035,104.23929595947266
P60670,47.764007568359375
Q9D4P0,3.356508731842041
Q9D967,33.112060546875
Q8CIS0,2.1138851642608643
O08579,29.734477996826172
Q99LD9,8.6094388961792
Q5FWI3,3.1373767852783203
Q9CQX5,2.605459213256836
P13439,19.94967269897461
Q8BJ64,466.0201416015625
Q64008,2.0188279151916504
P16056,7.968965530395508
Q5I2A0,20.361549377441406
Q8VEK3,650.0250244140625
Q4VAA2,17.742431640625
O54734,219.10379028320312
P61290,41.65700149536133
Q91YI0,775.73583984375
P00687,9.034846305847168
Q9JIA7,6.8606133460998535
O54750,4.96967887878418
Q9WTQ5,26.36897087097168
Q9CXW3,160.2181396484375
Q6GSS7,154.8136444091797
Q9CPW3,14.25650691986084
O88451,319.7084655761719
Q61686,9.030278205871582
Q80UG5,84.51299285888672
Q6ZQ93,1.4263885021209717
Q60864,534.8570556640625
Q99J09,14.199559211730957
O54879,12.49552059173584
P31254,108.79231262207031
Q8R3S6,5.5207977294921875
Q99LD4,25.25845718383789
Q8CGC6,26.990966796875
E9PVN6,25.145009994506836
Q9CSH3,2.1865694522857666
Q9QY06,3.591132640838623
Q99LC8,8.522647857666016
Q6PHN9,42.56526565551758
Q6P5E6,1.8393385410308838
Q9D7S7,74.15647888183594
Q8R3K3,1.5046722888946533
Q60759,303.3863220214844
Q80YX1,3.668447971343994
O09061,424.5805969238281
Q9D7N9,105.43093872070312
Q9CQG6,1.3782222270965576
Q61510,15.574478149414062
Q8CIZ8,1.2212810516357422
O70325,162.57142639160156
Q01279,39.8826789855957
Q3THK7,109.83538818359375
Q9DC51,33.11210632324219
Q05144,41.12855529785156
Q91W86,2.313603639602661
Q9DB60,22.928220748901367
Q9CPS6,26.83092498779297
Q922Y1,35.69659423828125
Q9R0C0,10.602417945861816
P60335,365.7721862792969
Q9D3B1,7.780545234680176
Q91VZ6,7.629261016845703
Q9JKN1,3.7501864433288574
Q3UYV9,7.799465179443359
P15116,12.671565055847168
Q76MZ3,338.8344421386719
Q4PJX1,5.062394142150879
Q6ZPJ3,12.439059257507324
Q921F4,20.713258743286133
Q3UJB9,24.299659729003906
Q6ZWY3,178.24224853515625
Q4PZA2,8.436813354492188
Q7TN29,3.180661678314209
Q8BGR2,1.859661340713501
Q7TMY8,59.9981575012207
Q922U2,199.41664123535156
Q9JKY5,28.271209716796875
O09106,22.533044815063477
P70345,3.526738166809082
Q9JKW0,31.323421478271484
P63213,3.4143548011779785
Q9D0W5,25.51088523864746
Q7TNC4,34.037261962890625
Q9D952,0.9121118783950806
Q91X72,221.9482879638672
P23475,11.540170669555664
O08738,8.912420272827148
Q8CAB8,0.7410925626754761
P56399,237.13143920898438
O70370,15.547679901123047
Q61216,1.6846508979797363
Q9JHI5,818.858154296875
P45878,281.8337097167969
Q9JM51,33.25324249267578
Q9DCU9,393.676025390625
Q60936,92.04596710205078
Q9Z2H5,7.950654983520508
Q4LDF6,65.09168243408203
I7HPW8,8.81155776977539
Q64525,154.27175903320312
Q99N94,13.37231159210205
P35846,6.375025272369385
P09405,727.9929809570312
Q8C754,2.7493882179260254
Q8BTY2,2.1160573959350586
Q8VDN2,440.8017578125
Q8VBW6,24.79399299621582
Q99L04,154.10494995117188
Q8BK08,35.16820526123047
Q9CR59,17.348535537719727
Q5RL79,3.1675448417663574
Q99P65,2.1384124755859375
Q3UX10,8.613773345947266
Q31615,4.069671154022217
Q60631,27.271589279174805
P47811,19.041889190673828
P62748,18.037635803222656
Q9DBR1,20.085094451904297
Q4VA53,12.19373893737793
Q8C407,2.5681121349334717
D3Z748,35.47288513183594
A2A5N3,19.901763916015625
Q922D4,55.79092025756836
Q60805,2.560884475708008
Q8R3D1,7.972992897033691
Q9D0E1,198.68707275390625
Q1HDU4,5.775511741638184
P49282,1.0847609043121338
O35387,6.663092613220215
Q99M87,46.12523651123047
O35682,18.635778427124023
O88796,13.761150360107422
Q8CD92,1.0067694187164307
Q9CWZ7,27.941118240356445
Q9ERE2,14.455671310424805
Q63961,1.9943549633026123
Q6ZPJ0,1.9563164710998535
Q80VR3,6.484639644622803
Q61072,1.4203753471374512
Q61146,1.023923635482788
Q3KNM2,18.87948226928711
P09242,14.537203788757324
Q8BH15,1.3086223602294922
P09411,839.0206298828125
P62340,2.070932626724243
Q8CIH5,3.5820841789245605
Q9CQ10,5.59688138961792
Q9DB25,11.342798233032227
Q8VCN3,161.01025390625
F8VPU6,15.973508834838867
Q9WTU6,4.05302095413208
P83940,73.37728118896484
Q9CWI3,5.915136814117432
O35604,4.7328572273254395
P47963,260.460205078125
Q80SW1,60.943519592285156
Q9EPQ7,10.129209518432617
Q9R0P6,105.17935180664062
P16406,85.85205078125
Q8K0T0,1.6931169033050537
P16330,4.890570163726807
Q9D9V3,102.87629699707031
O08663,51.75806427001953
Q9CYD3,0.7713797092437744
D3Z298,32.94231414794922
P62313,14.365174293518066
P51863,41.546871185302734
P62492,135.5959930419922
Q6ZQ73,1.7022416591644287
A2AI08,1.162553310394287
Q9WU01,13.611671447753906
Q8VDD5,1940.82421875
Q00PI9,91.35350799560547
Q9DB50,2.7095320224761963
Q6A0A9,113.55192565917969
Q8VEE1,3.1017346382141113
P42925,57.059715270996094
Q8R3C7,2.3761024475097656
Q8BH60,11.124083518981934
Q9CYK1,1.7896246910095215
Q8CB77,14.624051094055176
Q9JLV6,5.2538371086120605
Q99N87,12.965112686157227
Q9R0N0,63.86653137207031
O70252,71.95597076416016
Q91VN4,15.288976669311523
Q9CQJ8,164.70907592773438
Q8VHY0,11.17634105682373
Q9WV54,44.6837158203125
P04444,2.5713794231414795
O35386,134.89657592773438
Q9ET26,9.872248649597168
Q61249,13.006789207458496
Q9D1I2,5.649349689483643
A2A863,1.2437865734100342
P97352,38.66478729248047
O08788,155.34918212890625
Q8BI08,14.986327171325684
P48036,433.1532897949219
P57746,15.605585098266602
Q9DCW2,3.146681308746338
Q99JB2,170.3186798095703
A2ARV4,38.8239860534668
Q3V129,1.7058203220367432
Q8R307,1.3352854251861572
Q64433,1495.206787109375
Q6P5E4,311.30474853515625
Q9CY18,3.1410670280456543
Q9CZU6,676.1277465820312
E9Q4Z2,77.7304458618164
Q91ZE0,11.338103294372559
Q9QYB1,227.54844665527344
Q3UJD6,7.157993316650391
P62911,172.87026977539062
Q80ZX0,16.949861526489258
Q80UJ7,13.03299617767334
Q9D4V7,1.3729209899902344
Q8VCU1,240.6205596923828
Q9ER71,11.623061180114746
P03893,9.438331604003906
P70349,853.6287231445312
Q8BTJ4,0.7726320028305054
Q60648,82.50141143798828
P56375,14.950175285339355
Q9QZH3,3.6119961738586426
Q9JIY8,4.42466926574707
P58710,228.54974365234375
P61202,46.958492279052734
O08966,8.048467636108398
Q8BH69,33.25707244873047
Q8VC97,33.25324249267578
P14069,41.68534851074219
Q3TDQ1,34.819976806640625
Q9D1I6,13.96480655670166
Q8VI75,10.887532234191895
Q61205,5.42349910736084
Q64523,179.190673828125
Q9JLB4,3.6496353149414062
Q08ED5,7.17629337310791
O54724,13.800565719604492
Q9WUB6,3.4191274642944336
F8VPN4,54.779563903808594
O35409,7.180852890014648
Q9Z2C5,6.0682854652404785
Q5PR73,3.9524669647216797
Q9CPX6,6.050832271575928
Q9WTS2,1.4645211696624756
Q91WS4,83.72466278076172
Q61391,7.47396183013916
Q3TL44,19.75859260559082
Q9EPV8,4.04085636138916
Q9D4H1,6.494872570037842
A2A8T1,8.355935096740723
Q6ZWR4,5.211564064025879
Q8BQ46,34.95979690551758
Q6P6M5,13.521198272705078
Q9DC11,2.508776903152466
Q8CHG3,9.28760051727295
Q99P81,1.6828773021697998
Q99MP8,0.3743053674697876
Q9WVA3,31.659252166748047
Q99J36,12.686580657958984
Q9CQA3,735.2569580078125
P51880,5.097609996795654
Q9D753,3.4110898971557617
P13745,252.1464385986328
Q3U487,11.956844329833984
Q61245,2.0699329376220703
Q63932,45.92006301879883
Q05421,307.7755126953125
Q60632,7.582727432250977
Q9Z2R6,5.131806373596191
Q9JIY7,5.78641414642334
P97315,58.28146743774414
Q8BFS6,18.641698837280273
P46061,16.114336013793945
Q14AA6,77.80026245117188
Q9CYI0,1.370518684387207
O88697,1.6795148849487305
P07742,8.357776641845703
Q62245,1.0771167278289795
Q60872,22.682538986206055
B2RXC6,1.8308370113372803
Q9Z0P5,11.242597579956055
O08709,599.5866088867188
P56391,384.77978515625
Q8C547,11.873697280883789
Q61694,87.1427993774414
Q9DCV7,42.897239685058594
E9PV04,34.39994812011719
Q3UMR5,30.628114700317383
Q8JZL3,1.0808546543121338
F8VQ29,11.473974227905273
P97412,1.0063824653625488
P46414,3.0090198516845703
Q9EQK5,355.3220520019531
P61226,6.624406337738037
Q9CPN9,22.68435287475586
P20782,1.6260671615600586
Q2V6D6,3.260931968688965
Q9CRA7,13.567899703979492
Q8JZR6,3.651797294616699
Q3V1L4,15.040725708007812
Q9DBD5,5.353134632110596
Q8C8R3,11.382389068603516
O35400,0.4028775691986084
P21107,177.42042541503906
Q69ZP3,7.922582626342773
Q8VCM3,1.4881391525268555
P60764,24.52876091003418
B2RU80,2.7950661182403564
Q99N96,11.080327033996582
Q9D0L4,2.568683624267578
Q9DBG7,13.562694549560547
P50446,84.28287506103516
Q8BJU0,28.98866081237793
Q9ES46,3.374084949493408
P23953,93.24732208251953
E9Q9B7,1.0154163837432861
Q6ZQ82,0.6748230457305908
Q9D125,16.687223434448242
Q9D687,7.722860336303711
Q9Z2G6,67.39139556884766
P50396,152.554443359375
Q9D646,19.83883285522461
Q9R112,243.12974548339844
P38060,265.4803161621094
P32261,154.2790069580078
Q9QYI8,13.097257614135742
G3X8Y1,4.7193217277526855
Q8C0N2,6.357516288757324
A0A087WQ89,3.8513412475585938
P19536,167.52073669433594
P60898,11.20351791381836
P55194,1.0529556274414062
Q91YP0,23.01582908630371
Q6PDI6,2.919567108154297
Q8CI04,4.465897560119629
Q80X90,689.7958984375
Q8VHI3,3.840869426727295
Q6P9J9,3.2515616416931152
Q8K215,38.421749114990234
Q91X78,8.683504104614258
Q05D44,76.99800872802734
G3UZ38,3.5330777168273926
Q8C522,0.5437861680984497
O08734,18.957408905029297
Q9WV69,11.410358428955078
P28658,9.96425724029541
Q9R059,9.08768081665039
Q792Z1,26.105016708374023
Q9JK83,1.4485809803009033
P35441,3.3518314361572266
P04939,30.62370491027832
P08226,218.38697814941406
Q99N84,12.745173454284668
Q9D1G2,15.100833892822266
O55135,99.89995574951172
Q8R480,3.3974552154541016
Q9CX53,3.437429904937744
Q7TN05,1.9425833225250244
Q61847,59.49155807495117
P04117,134.44203186035156
Q8CHK3,2.792614221572876
Q62029,62.1114387512207
O35345,8.330103874206543
O55013,35.37330627441406
Q64516,78.88903045654297
Q3U7R1,98.88050079345703
P17918,37.81476974487305
Q64324,17.006166458129883
Q9CQ85,22.303186416625977
P28667,5.354057788848877
Q6A051,2.9171457290649414
P63001,90.95538330078125
Q9CR99,67.02367401123047
Q8JZZ0,217.7343292236328
Q8BUK6,8.910669326782227
P82343,3.5694527626037598
P26645,158.96853637695312
Q3TTY5,26.934860229492188
Q9WUB4,4.554073333740234
Q3TSG4,0.8550493717193604
O55028,9.779056549072266
O88522,2.3703057765960693
Q8CGK7,8.395194053649902
Q9D0R8,10.237539291381836
Q8C650,4.212615489959717
Q6A4J8,45.33735275268555
Q9QZH6,11.492436408996582
Q9ESN6,1.2981650829315186
Q8K1K4,4.52750825881958
Q9JMG7,3.723694324493408
P49718,4.172554969787598
Q91XB7,1.209489107131958
Q9D6Y9,137.9852294921875
Q9JI46,13.81303882598877
Q80X50,23.00324821472168
P70665,3.035468578338623
Q8BH64,16.847930908203125
P17717,345.9396057128906
Q9Z0M5,34.15037155151367
Q76M72,5.970399379730225
Q9CQW2,44.32168197631836
Q9D3D9,142.93128967285156
B2RPU8,49.3224983215332
Q6Q477,4.505489826202393
P98078,6.743163108825684
E9Q6L7,114.93402099609375
E9PYK3,1.7779922485351562
P09542,14.276885986328125
P97310,14.026875495910645
O08989,2.5985753536224365
B9EJ54,10.322465896606445
P05622,1.4610369205474854
Q99N89,9.745706558227539
Q45VK7,0.4722445011138916
Q6P068,2.5276706218719482
Q3UQA7,9.762012481689453
Q9WV27,12.35962963104248
Q8VDK1,115.33261108398438
Q6PD19,0.5184396505355835
G3UXE9,8.48006820678711
Q8BYA0,16.351011276245117
Q9JMG1,45.46202850341797
P21278,35.808074951171875
P26149,11.128813743591309
Q8CHU3,1.6702032089233398
Q6PGB8,6.4101362228393555
Q505D7,19.249319076538086
Q6WVG3,45.71931076049805
O70194,109.44883728027344
P57680,5.533024311065674
Q8VCR7,470.8104553222656
Q6PHZ2,5.74155330657959
Q9CZM2,256.7626953125
P04186,17.160303115844727
Q3UKC1,2.707873821258545
Q6NZB0,25.83012580871582
Q80TA9,2.126647472381592
P61759,17.086841583251953
P32507,3.0369625091552734
O35566,13.869382858276367
Q9QY96,4.651674270629883
Q61490,13.417434692382812
Q08093,9.004522323608398
Q9D0J8,32.66768264770508
Q8K2A7,0.5641689300537109
P41317,16.318199157714844
Q3UNV2,2.519617795944214
P24547,31.36648941040039
P48774,72.85910034179688
P84104,51.629234313964844
Q8BH04,18.362133026123047
Q6PDQ2,57.0274658203125
Q8BJL9,27.049766540527344
P35123,29.69316864013672
Q9D920,1.4940991401672363
Q9CU62,72.7132339477539
P61255,674.9218139648438
Q80X81,69.30264282226562
P85094,353.2846984863281
P06467,46.42466735839844
P97864,7.4317426681518555
Q8CGP2,48.08045196533203
P47856,21.51603889465332
Q99MI1,7.561620712280273
Q6VN19,1.020383358001709
Q3UPY5,6.279051303863525
P49183,15.846633911132812
Q9D020,11.38637638092041
Q6PA06,18.413978576660156
P15945,4.273233413696289
O35516,2.418163776397705
P97496,30.255569458007812
O89023,71.27796936035156
Q7TPR4,215.88990783691406
P62849,456.19244384765625
P26231,268.43115234375
Q08879,15.077896118164062
Q8C1A5,80.72883605957031
D3Z7X0,16.586408615112305
P70695,5.787965297698975
Q9JMA1,94.22611236572266
Q62351,40.252227783203125
Q64449,1.8693432807922363
Q9QX15,4.667808532714844
Q8VDS4,0.5500832796096802
Q9D1H8,18.871816635131836
P09103,3055.6533203125
Q9WTP7,639.9556884765625
Q6P9J5,1.023982048034668
Q9ESE1,109.8160400390625
Q9CZU3,17.507827758789062
Q91Y86,1.0743134021759033
Q9Z1Z2,102.73906707763672
Q922B2,246.123779296875
Q9Z320,4.1918487548828125
Q3UTA4,17.24471092224121
Q8VE70,18.5712947845459
Q9WVC3,3.2143197059631348
Q61879,138.70538330078125
O35643,295.64617919921875
Q8R151,1.5840752124786377
Q9JHF5,24.91642189025879
Q9ER39,1.864520788192749
P17897,16.109375
P06797,19.252788543701172
Q9QZM0,4.756922245025635
Q04447,138.40191650390625
Q3TIU4,5.88392448425293
Q9D7K5,2.1153335571289062
P62821,539.736572265625
Q3UIZ8,3.141737461090088
B0V2N1,2.619377851486206
Q9D1E6,19.174854278564453
P55292,3.0776004791259766
Q3U0Y2,1.2056515216827393
P35276,5.733453750610352
Q99JR1,279.65594482421875
Q8R0G9,4.586979866027832
Q921X9,84.21405792236328
P20444,1.0863800048828125
Q9Z2I0,489.518310546875
G5E897,2.7833588123321533
O09117,24.884117126464844
E9Q6E5,55.03717803955078
Q99N95,11.102986335754395
P16675,39.868072509765625
Q9QY36,10.732805252075195
Q64446,1.7152378559112549
Q8CDC8,4.403019428253174
P68037,283.767333984375
Q64314,2.719326972961426
P68254,384.051513671875
Q8BZ20,1.1929700374603271
Q61738,9.367280006408691
O09049,2.8945508003234863
Q61151,1.9440021514892578
Q80X98,5.559868335723877
Q4FZG7,16.678449630737305
O88335,4.036238670349121
Q8C4Y3,1.3093292713165283
Q8BWN8,21.422340393066406
Q9JI99,3.1041297912597656
P42125,506.54730224609375
P49442,11.526835441589355
O09159,9.904799461364746
Q7TMB8,23.89164924621582
E9PVW0,24.15646743774414
Q9CYT6,1.0017502307891846
P61358,341.1419982910156
Q9JLR9,13.729151725769043
Q3U0M1,3.2146801948547363
Q8C878,9.814847946166992
P12382,54.603885650634766
P47199,186.37391662597656
Q8VH17,6.407498836517334
Q9CQC8,2.461735963821411
P23188,2.3720643520355225
P50518,34.39320755004883
P30285,1.1720423698425293
Q8R035,18.786373138427734
Q8C152,3.952974796295166
P55284,4.10439920425415
Q8R2Y2,11.131647109985352
P97765,7.356265068054199
P63260,186.53538513183594
P39054,104.16207885742188
P07310,49.93745040893555
P47879,2.2437734603881836
Q91VA7,354.2080078125
Q8QZT1,1301.5760498046875
Q8BGU5,2.3888697624206543
Q6R0H7,24.869535446166992
Q6DIC0,32.217655181884766
P62761,2.6746037006378174
B8QI36,1.3789823055267334
P62889,511.86566162109375
Q9R1C7,46.40945053100586
P03911,29.83948516845703
Q9Z0Z4,0.9990881681442261
Q60875,2.6736955642700195
Q8CIW6,5.52935266494751
Q3U2P1,49.852149963378906
Q9WU20,1.8414061069488525
Q3UHX2,51.02639389038086
P52480,713.0780639648438
Q6ZWZ2,3.5081796646118164
Q8VDC0,17.817115783691406
Q91X91,106.91380310058594
Q8VEB1,2.1297361850738525
Q80TL7,5.093649387359619
O55201,31.453083038330078
Q922X9,1.4081411361694336
Q9QZ05,0.8444628715515137
P60766,220.08241271972656
P49429,2428.7666015625
Q8BPB5,6.986520767211914
Q8R2Q4,16.06389617919922
Q8VCG4,15.418039321899414
Q99M74,14.142712593078613
Q9R1Q7,4.930693626403809
O35639,43.767337799072266
Q8R059,44.41617965698242
Q8VE22,48.98344421386719
Q8BJ05,6.184525966644287
Q9EP71,4.9135050773620605
P58021,28.86514663696289
Q9CRB8,14.430822372436523
Q9R1Z8,2.9084761142730713
Q91WK2,157.91921997070312
Q99LB2,309.7508544921875
P62835,89.84774780273438
Q6NWW9,6.811944484710693
Q3UVX5,2.5314669609069824
O88456,35.641292572021484
Q6Q2Z6,3.299492359161377
Q78JT3,253.70338439941406
Q3TPX4,5.933935642242432
P52825,1049.592529296875
Q3B7Z2,58.06043243408203
P11276,145.2039031982422
P22437,4.456090927124023
Q8VE88,7.560847282409668
Q8BGC4,85.38980865478516
Q6PIC6,161.187255859375
Q8BMB3,5.549091815948486
Q9DD18,6.584066390991211
Q9D7M8,22.266294479370117
P61961,127.89707946777344
O55106,9.307762145996094
Q9JIS8,5.5566020011901855
E9PV24,423.9001159667969
Q8C0I1,12.884037971496582
P46425,367.3244323730469
Q9EPB4,8.409826278686523
Q9ESD6,2.2771859169006348
Q5EG47,9.868450164794922
Q80YV3,1.1623761653900146
Q9JL26,0.8519444465637207
J3QMA2,5.688043594360352
P27661,218.83509826660156
Q9CQT1,12.35602855682373
Q8C635,8.668974876403809
Q64704,1.841284990310669
P01831,3.0497779846191406
O35083,14.400469779968262
Q6PB44,9.790234565734863
Q91VM9,264.52032470703125
Q91YQ5,873.7314453125
Q05CL8,7.058313369750977
O55142,226.07394409179688
G5E8F4,1.8698294162750244
Q99LI2,4.006461143493652
A6H5Y3,7.379464149475098
Q9DCU6,15.834014892578125
O88843,1.3616855144500732
Q5U430,1.6064798831939697
O88587,259.57452392578125
Q3UUI3,6.029614448547363
Q8BWY7,4.17155122756958
P29387,34.11354446411133
Q922S4,4.84063720703125
Q91VF2,4.125927448272705
Q91YP3,39.92668151855469
Q3TQB2,3.514354705810547
Q64105,159.75274658203125
Q8VC88,1.0781631469726562
Q91VR2,1023.64208984375
Q9CPY7,1005.5150146484375
P97470,6.443607807159424
E9Q557,99.21515655517578
B1B1B8,3.971609115600586
P10630,379.7198486328125
P62317,93.9647216796875
Q3TXS7,209.8228302001953
P00158,13.638906478881836
P68404,1.668461561203003
Q91VU0,16.50210952758789
Q9DAT5,4.13502836227417
Q9CQ75,321.7229309082031
P08752,56.80448913574219
Q7TPH6,1.1604845523834229
P97393,3.1778488159179688
Q8CCK0,7.594249725341797
P61164,68.20648193359375
Q91Z38,5.199228763580322
Q62059,1.4334416389465332
P21271,2.397341012954712
Q11136,76.60353088378906
Q8K2I4,5.497518539428711
Q8K157,231.77952575683594
P13707,1826.6138916015625
Q8JZN7,29.81916046142578
B2RSH2,15.015485763549805
Q62470,2.824458599090576
P16332,295.8335266113281
Q9Z2Y8,158.28579711914062
O08810,106.91226196289062
Q9WTN6,3.1434030532836914
P50171,196.7396240234375
Q64437,4.774937152862549
Q9CYR6,24.08119010925293
Q9D7V9,1.8496544361114502
Q9D6U8,185.842041015625
Q8BU88,32.25373840332031
Q8K4L3,4.954531192779541
Q9CQV6,1.932753086090088
Q6ZQI3,141.97373962402344
Q61624,6.435973644256592
Q60680,1.4796185493469238
Q8CCM6,7.760466575622559
Q9QZQ1,13.287178039550781
Q04690,1.0350329875946045
Q8C0E2,12.087535858154297
Q61144,2.268561601638794
P01899,24.699073791503906
E9PY46,0.8343647718429565
Q9D6M3,149.43746948242188
Q80SU7,2.24482798576355
P34884,116.48677062988281
Q6DFV7,1.8551156520843506
Q99PG0,653.5006713867188
Q9WU28,18.2136173248291
Q3UWK8,4.11334753036499
Q91YT7,1.3253507614135742
Q9WVL3,4.751584529876709
Q61112,4.010356903076172
P13864,11.422225952148438
D3YXK2,3.952301025390625
Q8BGD8,11.301827430725098
Q99NB8,4.938684940338135
Q9CQL5,10.050661087036133
Q8BTX9,4.613291263580322
P26350,181.08349609375
Q6NZJ6,227.73583984375
Q6P4T0,1.6373670101165771
P27659,1169.0679931640625
Q8QZY9,50.72169494628906
Q3U9N9,9.623520851135254
Q9CZD3,154.7926025390625
Q8R519,5.10793399810791
Q9CR61,130.6898651123047
Q9QYA2,83.97599792480469
G5E870,11.79775333404541
Q7TNG8,93.14015197753906
Q07076,52.66139221191406
Q8VCH0,339.9830017089844
Q8BGQ1,2.8251051902770996
Q99MR6,44.12021255493164
P63030,172.464111328125
Q9JKD3,3.158742904663086
P09803,21.609649658203125
P22892,79.64642333984375
Q99KH8,12.268845558166504
Q9CRB0,6.96758508682251
Q8CJG0,4.1112799644470215
Q9CZ42,105.34870147705078
Q9DCL4,3.439540386199951
Q9EPN1,1.2823035717010498
Q9ER88,43.39971923828125
Q8BFZ9,74.67814636230469
Q9D1D4,370.3581848144531
P18872,4.799044609069824
P28843,220.92132568359375
P43276,57.70087432861328
Q99JY9,221.3475341796875
Q9R1S0,3.216001033782959
Q80WK2,2.2309985160827637
Q9CQM5,66.73905944824219
O55222,39.119380950927734
Q8BZ09,12.261861801147461
E9Q8Q1,4.957512855529785
Q9D1M0,73.24834442138672
Q80TP3,7.076906204223633
Q8VE10,1.7347512245178223
P21460,17.287832260131836
Q9CWX2,8.644432067871094
Q8K2I3,10.614248275756836
P06802,1.9057767391204834
O88844,1933.25
Q91W90,139.24612426757812
Q3UBX0,9.791996955871582
Q8VD75,6.85266637802124
P28652,1.1386597156524658
Q61559,2.6497130393981934
F6Z9R1,26.23571014404297
B2RY04,2.376159429550171
O08648,0.31228137016296387
Q9QXW9,5.289315223693848
Q9Z0T9,3.5796995162963867
P26040,179.0343475341797
P18654,11.371415138244629
Q6IFZ8,10.758736610412598
O88543,42.053279876708984
P70670,51.21807861328125
Q9CQG2,1.4284262657165527
O08806,40.6137580871582
Q9D1K2,14.160175323486328
P35802,1.9639735221862793
Q9QYI3,25.645984649658203
Q8BPM0,1.4552571773529053
Q61102,10.690104484558105
P11352,712.1135864257812
Q68FH4,11.565343856811523
P70227,10.557818412780762
P26443,1163.04296875
Q9Z306,2.2721047401428223
P62320,135.40887451171875
Q6ZWM4,71.36624908447266
Q8K330,2.645745038986206
P05202,1233.3397216796875
Q9D1Q4,6.635824680328369
Q8BG81,33.846195220947266
Q9R0P3,594.1651000976562
P98192,3.2086668014526367
Q8VCR8,4.846805572509766
O35071,1.1324326992034912
Q8BH43,9.387298583984375
Q60870,88.95442199707031
Q64176,50.67626953125
Q91WN3,6.407498836517334
D3Z4S3,3.0696325302124023
Q91Y63,5.701105117797852
P49717,6.546695709228516
P11591,3.3268284797668457
Q9QYJ3,2.861633062362671
Q8R164,752.5389404296875
E9PVZ8,157.797119140625
Q91XL1,10.666162490844727
Q9CQ80,46.777408599853516
Q8BWF0,149.6063690185547
P80314,473.90020751953125
Q9Z261,10.318522453308105
Q8VDW0,16.094743728637695
Q3U4I7,8.967222213745117
Q9DBZ1,1.9258067607879639
Q922P9,34.93864059448242
Q8R3Q2,1.880112886428833
Q9QZE7,9.044381141662598
Q02013,32.31388854980469
O19441,9.329109191894531
Q9D7H3,7.413918495178223
Q91ZW2,3.86269474029541
P62737,429.1637878417969
Q61233,191.72671508789062
O88428,243.7270050048828
Q920Q8,2.755593776702881
Q01730,72.97607421875
Q6P9Q4,5.508106231689453
Q9Z0G9,8.677664756774902
Q3TCN2,5.718133449554443
Q8BSZ2,0.7899305820465088
Q9D154,27.67417335510254
P49138,2.37154483795166
Q569Z5,10.30974292755127
Q62266,39.618865966796875
P97821,31.235260009765625
P50543,41.87590026855469
Q99JF8,34.655723571777344
Q9Z260,3.1200461387634277
Q8BGS1,3.853339672088623
Q8VCN5,342.9478454589844
Q9JHW4,11.93033218383789
Q8C0D5,26.19852066040039
Q8VCQ8,102.88969421386719
E9PX10,1.7020947933197021
Q8BK30,71.94403839111328
Q9R1P0,344.19744873046875
B2RXW8,2.570310115814209
B2RX12,7.20700740814209
Q9Z204,121.2748794555664
Q9R060,4.096981048583984
Q9JIY2,17.576807022094727
P97311,10.075665473937988
Q8BFZ1,3.619628429412842
Q9WUR0,1.7566959857940674
Q91XD2,3.864732265472412
O88487,134.40419006347656
P61971,135.10092163085938
Q99M01,5.4689717292785645
Q9ERN0,12.67076587677002
Q9Z2M6,2.7765109539031982
Q8JZM7,12.786540985107422
Q8VE38,18.946176528930664
Q61466,4.473400592803955
Q8R464,3.3974170684814453
P97478,46.80793380737305
P47911,403.0821228027344
Q9CPT4,91.71919250488281
P20918,162.71255493164062
P35230,2.666282892227173
P63328,4.286736011505127
P26262,9.95150375366211
Q60715,7.846921920776367
Q8BH95,1313.38671875
P70188,0.2622114419937134
Q711T7,2.827690601348877
Q8BFZ3,179.96231079101562
Q8BY87,26.43644142150879
Q9D2R6,12.464716911315918
Q9CQU3,31.871253967285156
Q8BK72,35.500125885009766
O88569,1191.136962890625
Q8BIJ7,3.5561323165893555
O35598,6.816225528717041
Q3UGC7,36.049591064453125
Q9CWQ3,3.4201292991638184
Q8BWP8,8.70413875579834
Q8VCM5,2.1483821868896484
Q0VGY8,3.72593355178833
Q80X76,34.48862075805664
Q8C3Y4,1.411611795425415
Q6A009,10.893733978271484
P52912,1.14872145652771
P16110,56.7786979675293
Q8C129,27.68488883972168
Q8K1E0,11.318503379821777
Q9DC50,112.51219177246094
P15532,1042.0125732421875
Q8K385,3.015522003173828
Q3U5C8,2.6074538230895996
P30677,7.477347373962402
B1ART1,11.605472564697266
P26043,275.39715576171875
P97807,1321.4786376953125
Q9Z329,19.812074661254883
Q9WVE8,52.80754470825195
Q80TH2,2.382716417312622
P43135,6.449678897857666
Q9DC70,132.04896545410156
A2AQ07,21.937955856323242
O70451,7.577498435974121
Q9CQ91,73.54312133789062
Q8VCR2,112.37791442871094
Q3UN02,4.6017608642578125
Q9JIM1,5.2538275718688965
Q9Z2U0,267.09912109375
Q80TY5,0.7386213541030884
Q9DBU0,9.241202354431152
Q8VDC1,8.785589218139648
P51859,274.72821044921875
A2AT37,2.1184208393096924
P70202,5.1479172706604
P18608,31.85785675048828
P31750,6.237943649291992
P54823,62.02513885498047
P60824,14.76734447479248
Q8R0H9,11.14570426940918
Q6ZWU9,86.62606048583984
P97379,22.76894760131836
Q9R0E1,4.248346328735352
Q9WV60,5.736082553863525
Q8K2Y7,17.946672439575195
A2RTH5,6.193827152252197
Q8VDQ8,8.719935417175293
Q9CXI0,18.832494735717773
Q9CZN7,282.0076599121094
Q64362,2.3796322345733643
Q8BK64,98.90380859375
Q6P9R2,24.12346839904785
Q9Z2X2,5.18729829788208
Q8VHN8,0.888036847114563
Q9CQX2,471.8357238769531
P61458,498.2145690917969
P35918,1.9989509582519531
O70493,55.13544464111328
Q8R418,2.552015781402588
Q9JMH9,44.71811294555664
P51949,1.5718512535095215
P40237,1.9306161403656006
P34152,11.048304557800293
Q64522,101.24405670166016
Q61206,31.847782135009766
O70362,15.706872940063477
Q64737,145.308837890625
Q8K2T1,4.416186332702637
O88947,2.162403106689453
B8JK39,2.4551355838775635
O70439,10.147211074829102
Q9CZW4,5.693068981170654
Q8JZV7,17.332950592041016
Q80W93,1.2539408206939697
P63011,7.5890960693359375
Q7TPV2,2.5485591888427734
Q8CG76,170.31124877929688
Q3UFY8,4.114639759063721
P47964,111.51419067382812
P62488,1.8199405670166016
Q6P1F6,13.486939430236816
Q61553,16.362346649169922
Q8CII2,3.3840408325195312
Q3UNZ8,52.53261947631836
Q99K23,12.950358390808105
Q9WVB0,15.074335098266602
P48758,604.7468872070312
Q8CG47,2.6926698684692383
Q61164,21.55617332458496
Q8BKZ9,45.332088470458984
Q5F285,44.334449768066406
Q9CRB9,256.89703369140625
P11404,20.68756103515625
Q3ULF4,12.013898849487305
Q8BMJ3,31.876792907714844
Q9DBS1,7.022154808044434
P17809,2.325068712234497
Q9CY45,4.548999786376953
P22599,182.138427734375
Q91W92,1.3843913078308105
Q9QUJ7,4.335403919219971
P99027,687.2562866210938
P47802,48.69701385498047
Q9CW46,17.312917709350586
Q8BHL8,4.652034759521484
Q91VR7,2.418208122253418
E0CZ22,1.8818159103393555
Q9CQ37,2.3478612899780273
P45952,846.9220581054688
Q9CXU9,12.248315811157227
O08800,2.7441699504852295
Q69Z99,51.71708297729492
Q9CQV1,13.913647651672363
Q8VBZ3,43.902835845947266
P84099,540.4592895507812
Q5FW60,80.36036682128906
Q8R084,212.1629638671875
P62242,497.61419677734375
Q78JW9,5.2703022956848145
Q8K182,9.546975135803223
P61022,41.866424560546875
P26369,73.90949249267578
Q8R3T5,0.371770977973938
Q9CXT8,78.02245330810547
Q6P8J7,7.0514020919799805
F8VQC1,89.22946166992188
Q8VDR9,5.747182846069336
Q99P72,62.3619270324707
P60867,355.5736999511719
Q8K2F8,4.365456581115723
Q8CIG8,12.470643043518066
P57724,10.61724853515625
P05201,515.2129516601562
P47915,96.07225799560547
Q6P8J2,3.0225515365600586
P35288,9.51279354095459
Q9JHU4,636.9451293945312
P42230,20.804853439331055
Q6PAK3,5.314326763153076
D3Z497,5.188647747039795
O09012,13.200241088867188
Q9QYB5,17.397384643554688
Q9D868,18.7903995513916
P46412,30.422374725341797
E9Q7P9,4.795620918273926
O70503,191.74459838867188
Q61292,5.405385494232178
Q8BPN8,1.1026833057403564
Q9CZU0,30.095571517944336
P70445,6.394889831542969
Q6KCD5,0.8040601015090942
Q8BWW9,3.25185489654541
Q9Z2A9,2.6076934337615967
Q921W4,4.537674903869629
Q9DCI9,9.772007942199707
Q9D6N5,2.190091848373413
O35864,27.8447265625
Q9CQV5,13.75
Q9CR67,41.1418342590332
O35660,41.847686767578125
Q0HA38,4.287075042724609
Q8BU30,151.86045837402344
P97384,68.78424835205078
Q6ZQ08,11.552196502685547
Q5DTM8,11.123641014099121
B2RT89,6.1191325187683105
Q9CXA2,5.640994071960449
Q9CWH6,57.935848236083984
Q62523,8.345523834228516
Q9CWP6,1.1595714092254639
O70492,75.5307388305664
F8VPU2,2.6998252868652344
Q9D1C3,5.974271297454834
Q791V5,336.5057678222656
Q99LM2,30.94489288330078
Q9D8W7,70.8460464477539
Q9JIZ9,4.650567531585693
Q99MD6,1.198749303817749
Q9DC29,12.54354476928711
P47713,1.1080687046051025
Q8BIP0,3.5031752586364746
Q8BP47,225.3943328857422
P84075,10.331510543823242
Q6S9I3,6.7291460037231445
Q80YA8,2.862982749938965
Q9CR76,9.345731735229492
Q60597,256.9832763671875
Q80WW9,15.696863174438477
Q91WJ8,49.13435745239258
Q8CFG8,9.76220417022705
O35143,32.51956558227539
Q60772,4.577293395996094
Q8R5H1,23.190532684326172
Q3T9X0,3.6296963691711426
Q7TMS5,6.471443176269531
P19783,805.921875
P50429,3.3692727088928223
Q9JIQ3,19.550413131713867
Q80UE6,2.8759772777557373
Q8C079,3.9610543251037598
Q8VEH3,66.95650482177734
P55258,57.94282150268555
Q80WC7,1.6025810241699219
P62918,495.47113037109375
Q91VM5,39.09461975097656
P56394,14.620569229125977
Q8K1X1,14.27851676940918
Q9CR21,148.10426330566406
P97427,16.432022094726562
Q8BMA6,60.624656677246094
E9Q634,7.1220245361328125
Q99JY8,6.624123573303223
B1AUN2,6.638071060180664
Q7TSI3,8.761452674865723
Q8QZY2,108.57036590576172
Q8BP48,34.29982376098633
O08739,6.340376853942871
P31725,16.630125045776367
P54754,1.739079236984253
Q8VHH7,2.0146121978759766
E9PZJ8,6.9136061668396
Q91VR5,239.63014221191406
O08808,26.205821990966797
A2AMZ4,16.315793991088867
P50431,278.1744384765625
Q9D7E3,2.7528011798858643
Q8VDB9,5.97251033782959
Q3UZ24,2.6098554134368896
Q9CQT2,2.5689446926116943
O09161,1.492490291595459
Q9Z2Z6,323.1894836425781
Q9R0M6,16.55586814880371
Q9DB15,181.6442413330078
Q8CBW3,5.260605335235596
Q8JZS0,3.337195873260498
P63044,22.183732986450195
Q6Y685,2.667919158935547
O55126,42.81538009643555
P34022,73.71406555175781
P70691,35.60548782348633
Q8R4Y4,3.547161102294922
Q91V92,936.2118530273438
P62806,185.24049377441406
A6ZI47,89.93130493164062
Q61210,10.662349700927734
A2APV2,2.5423054695129395
Q68FL6,96.28749084472656
P04938,24.274511337280273
O35969,105.39653015136719
O35129,699.7566528320312
P14434,14.69151496887207
O88738,34.63051223754883
P57716,11.822961807250977
P70697,29.338762283325195
P19096,1663.74169921875
Q99PL6,4.7630767822265625
Q9EQS3,41.49055862426758
Q3TFQ1,4.814747333526611
P10518,232.44102478027344
E9PWG6,2.893690824508667
O35381,258.5803527832031
Q8CHD8,1.5311353206634521
Q8K019,50.98371124267578
Q64261,1.6916353702545166
Q69ZQ1,2.1961333751678467
P13595,1.0345196723937988
Q9Z1P6,183.58209228515625
P67984,484.0643615722656
Q9D6Z0,3.4111061096191406
Q9CWS0,112.61156463623047
O55042,15.726676940917969
P30681,181.52755737304688
Q6PEB6,14.545966148376465
Q61595,38.10394287109375
Q8BU31,15.921175003051758
P08249,1470.344482421875
Q8BMC1,5.070190906524658
Q99MS3,1.7426941394805908
Q8BIW1,2.8961377143859863
Q9CXR1,85.65206909179688
P17095,65.57432556152344
Q9Z2H7,2.2807798385620117
Q91WH2,161.01025390625
Q9CQS4,1.634009599685669
Q60520,1.5966367721557617
Q63836,102.74447631835938
O35972,31.059494018554688
Q9D7J9,389.10113525390625
P52431,1.6212146282196045
Q9D289,5.993983268737793
E2JF22,1.8341093063354492
Q8K2F0,28.285964965820312
F7AA26,3.1089553833007812
Q91YZ8,58.95680236816406
Q9D071,8.060959815979004
P31649,3.410332679748535
Q99N23,3.78604793548584
B2RXC1,9.745906829833984
Q8CHR6,111.8806381225586
Q8CFI7,15.487167358398438
Q5PRF0,1.3668532371520996
P49919,6.153737545013428
Q91X97,3.7736778259277344
P56677,1.1193921566009521
Q6NZR5,21.952869415283203
O54946,4.241774082183838
P42703,26.416732788085938
O88874,9.559172630310059
O55022,227.47531127929688
Q99JP6,1.8415396213531494
P15626,558.8687133789062
A2AQW0,0.6361463069915771
Q80W47,7.095682144165039
Q8K3X4,2.13509464263916
O08573,73.5383529663086
P97364,128.6315460205078
Q9CPQ3,47.2298583984375
Q9CQV8,230.29933166503906
Q05816,321.42205810546875
Q7TPS0,3.688002109527588
Q99K70,6.75325870513916
Q99L47,360.06964111328125
Q9JIG8,8.504697799682617
Q99LT0,26.06108856201172
K9J7B2,30.611103057861328
Q99M07,19.750680923461914
Q91WQ9,1.5588765144348145
P56873,20.82740592956543
O88736,7.2724151611328125
Q62048,27.922035217285156
Q8BH57,0.8414015769958496
P40142,1638.5738525390625
P61922,221.0779266357422
O09172,31.088237762451172
Q923X4,8.578415870666504
Q80ZM8,12.315385818481445
Q9DBS9,7.5726470947265625
Q9WV91,9.853144645690918
P61924,121.11294555664062
Q8BGE6,2.9381890296936035
P59108,0.9190908670425415
B7ZMP1,7.302698135375977
Q61176,692.61669921875
Q8R1L4,2.380811929702759
P35821,8.196117401123047
Q9R0T7,11.147918701171875
Q80W22,14.897605895996094
Q9WUB3,99.0934829711914
Q9DBT9,362.43096923828125
P07744,13.132922172546387
Q9CS74,0.96651291847229
Q9CQN3,13.940956115722656
P70261,4.76267147064209
O55029,320.3504943847656
Q07133,11.135334014892578
P21765,4.305057525634766
Q9R1Q6,1.8886001110076904
Q80Y81,15.82496452331543
Q61390,26.294662475585938
Q9CPU2,37.69133377075195
Q9QXS1,239.9038848876953
Q9QZW0,6.5041279792785645
Q8BPG6,1.8027257919311523
Q99JI6,198.90325927734375
Q8BJW6,40.430091857910156
Q8BHL5,1.1456623077392578
P24815,6.536965847015381
Q80W21,45.77349853515625
Q5FW57,91.92281341552734
Q80XI3,50.71921157836914
Q8BGW0,0.7600975036621094
Q80VA0,3.026089668273926
Q920Q4,3.1790294647216797
Q64373,1.4393208026885986
O09043,2.1934657096862793
Q9CR00,14.553512573242188
Q71FD5,4.689267635345459
Q5SNZ0,0.8215699195861816
Q07813,43.575965881347656
Q8K009,24.608890533447266
Q9R0A0,24.666187286376953
E9PYP2,0.9119269847869873
Q9QWL7,113.09439849853516
P63268,122.7486572265625
O55102,0.913771390914917
P03930,55.1375732421875
Q9Z1B8,4.1176300048828125
Q9CQD1,32.79079055786133
Q6PD03,15.06092643737793
Q60992,1.6747708320617676
Q9CZR2,1.4852356910705566
P97370,24.608489990234375
Q9CQF3,23.804054260253906
P60710,427.175537109375
Q3UU96,4.790308952331543
P62746,20.863515853881836
Q922H4,19.75939178466797
E9PWR4,1.0941858291625977
Q8C8T8,4.302228927612305
Q8CI33,0.88590407371521
Q9BCZ4,7.9011077880859375
Q80UM7,69.5829086303711
P54116,23.73786163330078
Q922Q9,3.833920955657959
O89116,6.240653991699219
P70268,11.376506805419922
P56565,23.16448402404785
Q9CRC9,3.812692165374756
Q99KL7,3.003951072692871
Q9D1P4,79.90045928955078
Q9DBB4,5.143830299377441
Q9CZX9,31.291255950927734
Q9WVL0,557.8363647460938
P18572,178.42477416992188
P16015,2316.506591796875
Q9D1Z3,2.6979897022247314
Q80ZJ7,2.1323955059051514
Q8VEL0,5.083863258361816
Q7TNP2,25.42129135131836
Q8BXV2,19.696447372436523
P31786,254.50823974609375
Q68FG2,71.1610107421875
P29621,17.041194915771484
Q02053,437.679931640625
E9PWQ3,39.09933090209961
Q9ERU9,46.738121032714844
Q8K2B3,1352.3856201171875
Q8R527,12.586894035339355
Q9WTL2,4.744986534118652
Q99LB6,25.39284896850586
P11881,15.602895736694336
Q9DAU1,8.783246040344238
Q61316,388.87335205078125
Q8CFE4,12.107139587402344
Q8BUY5,4.240352630615234
Q91VW3,106.18234252929688
P60202,2.5960073471069336
Q9DAM5,6.735682964324951
P55012,8.090587615966797
E9PV48,1.026082992553711
P62838,15.985984802246094
Q91VJ4,10.737981796264648
Q8R016,67.35110473632812
Q80UW8,4.42018985748291
Q8BYU6,25.758447647094727
Q00915,40.35877990722656
Q9CQR4,290.6055908203125
P06800,8.449411392211914
Q9JI78,3.537536144256592
Q9R0Q9,10.23264217376709
O35683,19.054750442504883
P27546,159.26458740234375
D2EAC2,13.336593627929688
P55937,28.654434204101562
Q9WUZ9,242.27871704101562
P21981,334.5962829589844
P58059,24.442806243896484
A0A286YCX6,9.489397048950195
Q8BZZ3,2.7239112854003906
Q80WQ2,29.43888282775879
G3UXL2,21.73719596862793
Q9CQI7,34.7940788269043
A0A0G2JDI3,8.298308372497559
Q9CWM4,15.505346298217773
Q8BQM4,2.3203110694885254
Q80TV8,4.677453994750977
Q6PGB6,62.144290924072266
Q80X68,88.56580352783203
E9Q555,42.199607849121094
Q8VD62,4.123569965362549
P56382,95.93331909179688
Q8BK48,136.9307403564453
Q8BHG2,35.310340881347656
P46935,85.29851531982422
O88833,7.065265655517578
Q9DBC0,10.647476196289062
Q8R3F5,12.556513786315918
P97328,725.2296142578125
Q9CR16,127.88349914550781
A2ATU0,112.7666015625
Q9DB27,35.11845016479492
Q9D1X9,1.733823299407959
P58158,2.7391040325164795
P99029,1030.409423828125
Q99K67,488.4866943359375
Q9CRT8,2.8930208683013916
P59113,3.659334182739258
Q6XPS7,11.797943115234375
Q9DCS3,206.29832458496094
Q99N85,11.333640098571777
P35279,46.96183776855469
Q8K1I3,5.712101459503174
P30999,74.5587158203125
Q6PB93,3.20432710647583
Q8BVI4,743.0989379882812
Q7TT37,16.326087951660156
D3YZZ5,59.05394744873047
Q8CCF0,18.110431671142578
Q91VC7,11.920869827270508
E9PZS8,36.04679489135742
Q8BJD1,1.084291696548462
P21300,22.913034439086914
Q8JZM2,20.93668556213379
P16627,42.453025817871094
Q61983,2.7064664363861084
Q6P8I6,4.946008682250977
Q04736,4.259598255157471
Q8C5R8,9.086921691894531
Q9DCL8,5.513611316680908
Q9D662,42.64954376220703
Q923Z3,2.901824712753296
Q5SWY8,2.4714531898498535
Q80X82,2.7358956336975098
Q7TQ95,13.6956205368042
Q9JJ28,10.92654037475586
Q9R0Q4,3.119443893432617
Q8BYK6,5.621920108795166
G3X939,3.3328604698181152
Q80X80,1.9622273445129395
Q62415,1.6982753276824951
Q921G8,1.549837350845337
Q9ET38,7.575885772705078
Q61550,12.93025016784668
P97927,3.5248665809631348
Q9D898,24.985939025878906
Q9DBP5,384.20330810546875
P53657,137.8769989013672
A9R9W0,36.154232025146484
Q80YQ2,0.5632158517837524
O88643,1.7333157062530518
P52633,2.2535548210144043
Q8CGK3,600.5630493164062
O88986,144.3199920654297
Q8BWJ3,1.0260815620422363
P17182,780.8391723632812
P14430,6.705237865447998
Q62384,4.398130893707275
P97742,129.75245666503906
Q8R1S0,37.49070739746094
P14576,14.973431587219238
Q8K3G9,5.1771240234375
P11152,8.958847999572754
Q6PDL0,27.61532211303711
Q9DCX7,3.4191274642944336
Q9QYE6,4.984903812408447
O88851,58.52435302734375
Q8K2C9,23.45332145690918
Q9DC71,7.2881059646606445
Q9R0B6,2.8612606525421143
P62908,958.5452270507812
Q8R0Y8,31.04867935180664
Q9Z1Q5,157.9556884765625
Q9QYS9,3.38016414642334
Q7TSH6,3.6332693099975586
P20801,10.074698448181152
Q8K1J6,16.10101890563965
Q99L43,16.326663970947266
Q921L3,34.36127853393555
Q8VDJ3,624.0292358398438
Q91V64,91.29203033447266
P61028,23.854507446289062
Q6PDI5,48.662322998046875
P27870,1.4032962322235107
Q8QZY6,1.874563217163086
Q8K0C4,8.330941200256348
P70122,21.559429168701172
O55060,49.162193298339844
Q9DBM2,2625.5859375
P62900,445.93780517578125
P84078,190.77377319335938
Q99MJ9,18.356857299804688
P61089,197.4992218017578
P61600,3.7846693992614746
A0A087WR13,1.5382616519927979
Q8C6B0,29.14545249938965
Q9Z160,3.2778820991516113
Q9EPK7,24.189668655395508
Q9ES74,5.059697151184082
Q91XC9,6.335602283477783
Q9WTX6,33.14252471923828
P47857,34.9776496887207
Q99J93,4.838662624359131
Q8CGB3,4.867753982543945
Q6P9N8,1.7542130947113037
Q61687,0.9005411863327026
P17710,24.08296012878418
Q8VC85,6.249267101287842
P97823,269.71258544921875
P47791,141.65487670898438
Q9Z2D6,21.30048942565918
Q9QXD6,2971.075927734375
E9Q3H6,4.91660213470459
P51855,66.10824584960938
Q91WD5,347.03631591796875
Q3TZZ7,14.235515594482422
Q9QX60,26.58188819885254
A3KGS3,2.4198238849639893
Q8R180,34.73053741455078
Q8K354,7.354944229125977
Q9Z0E8,2.431143045425415
O70400,62.58684158325195
P97822,41.85353088378906
Q8R2Y8,94.97530364990234
Q99KK9,12.243000030517578
Q9CS42,6.1552557945251465
Q3TV70,2.3639230728149414
Q8K010,184.37132263183594
Q8BG51,16.533706665039062
Q60960,6.8058600425720215
Q8R001,7.162655830383301
Q9DB34,8.853071212768555
Q9CW79,2.1912593841552734
Q9JKC8,20.014719009399414
L7N466,8.663559913635254
Q9DD06,8.874191284179688
Q0VG18,16.214099884033203
A2AGH6,0.6429812908172607
Q7TPD0,23.32953453063965
A6H6A9,1.1261155605316162
P24456,200.83822631835938
Q62148,5.974798679351807
P28798,88.04374694824219
Q8CEI1,30.666824340820312
P58771,112.28739166259766
Q32Q92,3.315216541290283
Q8VBW8,261.451904296875
P06684,6.263167381286621
Q9D7N3,25.06325340270996
Q9ES00,12.092555046081543
E9QA05,2.1577560901641846
Q8BX10,4.107536315917969
P59708,37.31085205078125
Q62419,7.760483741760254
Q9JME5,1.254082202911377
P03903,18.206758499145508
Q64FW2,25.04448699951172
Q99M04,7.840777397155762
Q9R092,184.5574493408203
Q924M7,18.780542373657227
Q76LS9,6.105135917663574
Q01405,182.61993408203125
Q8C181,3.3631958961486816
Q9Z1W9,9.948173522949219
Q5RKZ7,10.80499267578125
Q924N4,2.1010286808013916
Q2VIS4,1.7440273761749268
A6H611,4.912073612213135
P70419,1.228872537612915
Q8CCJ3,23.428123474121094
Q8CAS9,8.418780326843262
P39749,6.00004768371582
Q9R0M5,10.525924682617188
Q91WM1,1.4625909328460693
E9PV38,59.89141082763672
Q3U1V6,1.1105642318725586
P70297,8.618658065795898
P03958,29.27658462524414
Q9CRC3,3.188365936279297
P97371,369.03985595703125
P36536,129.5834503173828
D3Z7P3,23.118825912475586
P62754,468.5799560546875
P29533,1.476238489151001
Q8VDM4,308.8895263671875
Q91YR1,66.44326782226562
Q6PDN3,22.214630126953125
Q80X19,52.691123962402344
Q5U5M8,1.5433986186981201
Q9QYG0,141.14657592773438
Q4VAE3,10.471368789672852
Q60738,27.587051391601562
Q6P8M1,6.957920074462891
P40240,46.54536437988281
Q8K4M5,4.8791327476501465
Q3TBL6,2.203179359436035
Q5S006,0.1707214117050171
Q3TYS2,6.308389663696289
Q9WTQ8,23.942049026489258
Q6P9Z1,3.1683712005615234
Q8K2C6,9.190145492553711
Q9CQH0,5.964519500732422
P10605,256.6708679199219
Q6TEK5,12.556897163391113
Q921E2,5.9141526222229
P28660,48.8258056640625
Q6P8X1,29.793622970581055
Q6P9Q6,16.76085662841797
Q9QZR9,7.473086357116699
P14733,400.89215087890625
O70310,81.17448425292969
P29788,55.95697784423828
Q99L45,85.56434631347656
P17047,58.52762222290039
O89001,2.4867212772369385
Q9Z2Q5,27.160053253173828
Q60825,4.303020477294922
Q9WUU7,110.23587036132812
Q3UV17,19.803701400756836
F2Z4A3,2.0182106494903564
Q60866,165.18087768554688
Q9CQ65,72.49391174316406
Q9D0L7,10.783123970031738
Q8R0F8,220.31507873535156
Q3TUH1,3.572990894317627
Q61187,7.988325119018555
Q9WVA4,390.7441711425781
Q8CBA2,10.514923095703125
P15920,2.1822257041931152
Q7TPV4,152.22021484375
D3Z451,3.0698647499084473
Q8VD57,1.7365808486938477
Q9CQ69,131.79225158691406
P84091,106.80426025390625
Q9D051,357.74530029296875
Q63ZW7,1.781402826309204
Q08481,14.297816276550293
Q9QXY6,86.3187026977539
Q08509,3.331183433532715
Q8VHF2,5.633350372314453
E9QAE3,1.7704360485076904
Q04750,56.833072662353516
P48725,4.338405609130859
Q9QVN7,5.986804962158203
O89053,48.96240234375
P48678,260.7402648925781
O08919,1.2961273193359375
P06795,3.881074905395508
Q8BH58,14.638111114501953
P00757,3.2093911170959473
A2AJT4,9.368685722351074
P08775,7.886066436767578
Q9D1F4,3.3384976387023926
P01887,88.99139404296875
Q91XA9,2.7172117233276367
Q8VCZ9,32.97414779663086
Q9JKL5,2.2032320499420166
Q9DCT1,27.722028732299805
Q9QX47,21.513349533081055
P97363,7.516691207885742
Q9ER00,36.86078643798828
Q91XV3,3.161586284637451
Q99KG3,13.34365177154541
Q9EPU0,127.93359375
P16294,7.130058288574219
Q61586,14.606627464294434
Q6NSQ9,3.54775333404541
Q9D113,4.492545127868652
P24527,372.4410095214844
Q4U2R1,4.042196750640869
Q91Z49,22.607990264892578
Q9DAR7,36.91099166870117
Q8BFR5,1007.2897338867188
O89112,6.354255199432373
Q9D312,10.967036247253418
P51174,943.4214477539062
Q9CQ22,43.72106170654297
Q8BG02,1.231170654296875
Q9JJR8,2.9972667694091797
Q60596,6.953927040100098
Q78PY7,868.7600708007812
A2ASQ1,3.86260986328125
Q8BPE4,3.9670567512512207
Q99KW9,3.142681121826172
A2AVA0,1.8859410285949707
P49722,391.2307434082031
Q8VE37,33.97013854980469
Q3UFS0,2.062847852706909
Q99PV0,93.66596984863281
P54728,61.6534309387207
P25206,23.50016975402832
Q6PE15,7.386918067932129
Q8C3X4,3.5147757530212402
Q8BRT1,3.736159324645996
P00397,29.575780868530273
Q9DBL7,128.424560546875
Q3UU56,3.883708953857422
Q9QXT0,203.9560546875
O70318,56.26471710205078
Q569Z6,68.82465362548828
Q58A65,35.79306411743164
O88576,6.1191325187683105
Q8BGP6,5.21048641204834
E9Q6H8,0.9420888423919678
P54729,7.165434837341309
Q8BJF9,4.466274738311768
Q8BGB8,7.048711776733398
Q8BK63,8.474885940551758
Q3U0B3,7.549947738647461
Q9CYV5,4.211779594421387
Q566J8,1.0932831764221191
P29391,238.18548583984375
Q8K4Z3,131.25265502929688
P63073,63.772193908691406
P97868,11.35018253326416
Q91ZU6,7.27474308013916
E9PWI3,0.5584903955459595
Q9DBK0,15.731094360351562
P28076,23.426513671875
G3X972,174.46652221679688
A2AN08,105.34590148925781
Q9EP72,24.828319549560547
Q3TIX6,11.342665672302246
Q8BJ71,14.70297622680664
Q8BML3,1.4723114967346191
Q9JJV2,3.952779769897461
Q8CHH9,9.640172958374023
P31532,17.886606216430664
Q8BGA8,30.84383773803711
Q8CFX3,10.947543144226074
Q80SU6,4.949950695037842
Q8QZY1,189.99513244628906
Q9ER64,1.185304880142212
Q8BJY1,42.99492263793945
Q9CX00,19.65785789489746
Q9CWE0,11.99039363861084
A7RDN6,22.882715225219727
Q8BQ47,7.587244987487793
Q8CDN6,140.74278259277344
Q8CFJ7,42.88654327392578
P29758,335.5691833496094
O88876,1.6767423152923584
P14685,204.12986755371094
Q8CC21,1.6682140827178955
P11087,5.691524028778076
Q99MV1,4.769266128540039
P35285,8.680129051208496
P51881,1050.386474609375
Q5SUR0,82.51791381835938
P28653,12.896291732788086
P49586,26.958271026611328
Q60737,72.88473510742188
Q6GQV7,0.8338091373443604
Q8BXQ2,2.0980448722839355
Q8R3W2,2.6271770000457764
Q9JK48,13.289064407348633
Q9QZA0,3.6031107902526855
Q9JK38,110.50874328613281
Q9CQ86,5.625519275665283
Q5KU39,2.5548877716064453
Q9DCJ5,429.257568359375
Q923T9,1.8001229763031006
Q922Z0,2.984299659729004
Q8VCL2,9.35576343536377
Q6NTA4,4.0409016609191895
P26516,85.90196228027344
Q9EQ08,3.479964256286621
Q80ZS3,25.529958724975586
Q9Z2Z9,4.869905471801758
P43247,5.984950065612793
Q8C025,3.135939598083496
Q61239,7.637101173400879
Q8BFQ4,13.509861946105957
Q60949,2.2038023471832275
P54763,0.6988688707351685
Q9WUH1,3.213912010192871
P55014,2.5410635471343994
P61967,23.654773712158203
Q9WVP1,3.394517421722412
Q61735,7.902698516845703
Q9CZB0,215.11318969726562
Q9DCX8,92.44548034667969
Q9JMD3,14.727093696594238
O35490,1982.60986328125
Q78IK4,196.5469207763672
O35286,99.39323425292969
Q9CR62,252.7493133544922
Q9Z1G3,20.08031463623047
P45377,28.8257999420166
Q3V2K7,8.117890357971191
Q8R361,3.345656394958496
Q9R0M0,2.43084979057312
O88712,10.744782447814941
Q8BZS9,1.1809353828430176
Q8CAQ8,895.3905029296875
Q8BVA2,2.349607229232788
Q91YR9,57.87180709838867
P59759,0.47224652767181396
A0A0N4SUH6,19.367267608642578
Q63829,9.86011791229248
Q8CDA1,2.340700149536133
E9Q3G8,2.0241000652313232
P35290,11.37393856048584
Q91XD6,12.246654510498047
Q8CGP4,26.890321731567383
P28352,50.446537017822266
P06728,241.16514587402344
P04370,19.172744750976562
P08003,1274.2445068359375
Q9R0X4,27.45303726196289
Q8JZU2,366.4253234863281
Q8R0S9,3.4191274642944336
Q9CWB7,5.572931289672852
Q9D0M3,376.9159240722656
Q8BPB0,6.817313194274902
Q6PHQ9,93.72242736816406
Q3V3R4,26.837501525878906
P40936,503.21856689453125
P21614,216.2791290283203
P07607,5.507958889007568
P11688,16.351198196411133
Q8CHY6,14.530991554260254
P00405,387.6559143066406
Q9JKV5,3.146427631378174
P70434,1.1871569156646729
Q3UHD2,1.6320703029632568
Q60930,469.5419616699219
Q80YA7,0.8816816806793213
Q9JLR1,4.740455627441406
Q9WUK4,1.6218478679656982
P98195,1.2196004390716553
P68373,241.06971740722656
Q9Z2I8,1064.7442626953125
Q80TM9,2.633901834487915
Q8CI71,3.0996651649475098
Q8VCW4,6.506176471710205
O70566,14.687084197998047
Q68FD9,2.087379217147827
Q9JLQ0,21.36545181274414
Q9CYZ2,91.75286865234375
Q00993,7.241943359375
Q9ES52,1.2748348712921143
Q148V7,5.082760334014893
Q921Y0,6.294278144836426
Q05512,3.794651508331299
Q99MD9,9.672333717346191
Q8K135,2.0596764087677
P41731,4.474945068359375
Q6PDY2,4.268431186676025
Q5SUC9,3.10378360748291
P59279,31.096923828125
Q499X9,2.6657888889312744
M0QWE2,5.174309253692627
Q3UMB9,6.699486255645752
Q8R010,39.696285247802734
Q61792,85.10595703125
Q8BP40,95.69146728515625
Q8K1A5,6.795297622680664
Q8K023,11.610954284667969
Q8VH51,53.92110824584961
P63037,162.08804321289062
Q0P5X1,2.442209243774414
Q9CWU6,9.704462051391602
Q61133,136.67684936523438
Q9CQE6,7.500400543212891
A4UUI3,3.4407124519348145
Q9D9M4,0.101
Q8C3K5,9.84
Q6A4L0,25.2
