UniprotAccession,prediction
P56480,2592.453352222927
P63017,7.65849123980291
P07724,31333.83914577938
P02088,7.65849123980291
Q91Y97,4843.530704523087
Q9JHU4,72.72661299329461
O88569,1488.4358173312783
P01942,26197.981982043588
Q99KI0,1221.0945219186472
P63038,3016.315301073232
P20029,710.9596445789388
Q9DBM2,445.3003307669739
A2ARV4,232.7979476257362
P09103,562.4769929460397
Q8VDD5,1329.9959703981788
P45952,898.5538691992488
Q8BMS1,974.3651035993659
P99024,738.1307094007259
P28825,7.65849123980291
Q8K2B3,554.9282205047747
Q03265,2245.986217447692
Q05920,521.8462697638621
Q62261,476.3548643323812
P26041,1017.7466118391876
Q68FD5,7.65849123980291
Q8QZT1,1773.0417362176004
P40142,579.1225722378624
P16546,673.879529703179
Q61425,1482.565106333285
P14094,738.1307094007259
Q9EQ20,2166.343386147335
Q9QXD6,1383.1499389182725
P50516,397.7006765909119
P26039,457.8426408644445
Q8VDN2,1005.6769161166351
Q9DB77,859.7152826019416
P08249,1860.4615449177018
P11499,515.1063817122723
P00405,779.4788955965527
P58252,261.1357009236982
Q91VD9,270.4398584887716
P16125,3843.022652484801
Q80X90,168.46507189297395
P16460,2991.8877674730243
Q922D8,103.78047458441307
P24270,806.1296867395861
P27773,707.8610961408087
P10126,7.65849123980291
Q8BWT1,2303.9416264281267
P48036,968.7568694449578
Q62433,288.43731935407015
P00920,1616.5191464597315
Q8BG05,428.3915641347279
P08113,617.9074894305724
P52480,1357.3750177551321
P62737,826.5745036044259
P52760,545.1309882057702
P68372,907.2984814412912
Q91XE4,153.67826183789424
Q8BTM8,728.0258045484763
P97449,1067.8003078080635
Q9D964,3428.3536862332303
P14211,1270.4703028370668
P17182,7.65849123980291
Q9D0K2,124.70335704402491
P19096,19.863329700684112
P35505,215.95826050748596
Q8R0Y6,328.52802896934213
O88844,493.4548099685057
Q8K0L3,840.7604980447779
Q60597,312.40894894966476
P19783,625.5435939710117
P26040,954.351296636609
Q9JII6,905.7072308239021
Q9DBJ1,666.9507825100803
P49312,463.01807778936166
Q9DCY0,7.65849123980291
P13707,960.7512161256706
P16858,8266.607605662139
P51881,1096.169348796278
Q8VEK3,214.56256435596833
Q20BD0,103.13442839012016
P35700,2953.9283914789685
Q9JIL4,402.07005547204136
P09470,43.70268847856909
P05202,595.8203462713051
Q9DCW4,532.3480688441703
P23116,34.89277040409764
Q64727,892.2004920152922
Q9JKF1,83.31016811567629
P68368,480.06659435301316
Q9DC69,225.76450938755494
Q9CR68,499.4177594515293
P57780,3913.7050933706696
P07901,537.6078731343815
Q8BGK0,7.65849123980291
O35488,195.82867260674303
Q9Z2V4,251.87724751557428
Q71LX4,10.742113010496757
P12658,674.6498570632691
Q99JW2,933.5848245370989
P09405,157.69158360375158
P61979,545.8843414891224
Q8VC30,521.0967937279404
Q01853,410.0933744635786
P48962,426.9243189530685
Q8CHT0,1698.8387090132717
P62814,292.7763717798923
Q9JLB4,286.2708309433119
P97807,598.1014779975498
P14152,927.2046457938472
Q9CZ13,551.1578919959909
P09411,2498.242015831575
P63158,661.5672032152271
Q9CQN1,103.13442839012016
O88338,139.75233873812627
P70349,816.3456004825866
Q91YT0,216.65674542220776
P37040,33.580326399575945
P56382,396.97291453889386
Q9D051,261.1357009236982
P26443,262.56425885858295
Q8VIJ6,98.6276089284088
Q9NYQ2,79.5459610829921
Q63836,7.65849123980291
Q60928,0.21772146444371576
P06151,973.5643917302915
Q9WUM5,702.443148368179
P50544,472.64602977985646
P51660,96.7016236500597
Q99KP3,620.197329325326
Q9CQA3,437.94011342189015
Q61391,1094.5466870806376
Q62425,523.3444210518801
Q8CAQ8,266.8560785557869
Q61937,625.5435939710117
P00329,165.08739583796165
Q9CX86,70.88579510870942
Q9Z2I9,210.38269349172424
P51174,37.657172594003136
Q99LC3,210.38269349172424
Q9JHI5,342.53023447979604
P09671,2241.602767021067
Q99JY0,656.956242813723
Q91V76,889.8191080694995
Q01768,331.46937135438736
Q9QYB1,979.9772281034739
Q9DB20,388.9773817583391
Q9QXZ0,7.35292155353193
P54071,2039.2250600684622
Q9QZQ8,170.49642667734332
P28843,437.94011342189015
P35486,157.0216675583259
P11404,542.8729692061402
Q91ZA3,301.48034172704905
Q62468,141.07036310854284
P16406,229.28142653355587
Q9D172,245.49454788581195
Q9R0H0,134.49832529442872
Q91VA7,40.68672139536662
Q9Z2I0,54.70689798148292
Q6PB66,243.37203749879285
Q9CZU6,440.1466512413604
Q9QXN5,104.42722976560519
Q8BMF4,49.46376902599562
P11930,5.361928847218523
P62908,227.87363943449492
Q9CPY7,343.2695508800412
E9PVA8,3.593160066631296
Q99LC5,916.8473577622265
Q9DC50,0.41543899129469875
Q61598,369.4276641151202
P47199,1514.4654697240514
P43274,554.9282205047747
Q99MR8,110.9310743172155
Q8BHN3,204.82777561241772
P20108,1987.2302744170875
P29758,92.85164986358127
P48678,1449.9018065984528
P15864,494.9445702084228
Q60668,477.8391040493413
Q9DCJ5,227.1703460419374
Q9D826,125.35745945552253
Q9D8E6,151.67730005519167
P29699,175.24977007645055
Q8R164,418.1339483102084
P17225,208.99196742400872
P28665,7.65849123980291
Q9CR61,90.92880695580311
Q6IRU2,670.798879247013
Q9D855,163.73917054569068
Q91YQ5,146.35997704881203
Q921I1,1901.7563611919543
P10648,7.65849123980291
Q9Z1Q5,503.1482674512252
Q93092,378.10305663358935
P07758,7.65849123980291
P47738,1422.325073564333
Q8BL66,31.791569962616883
Q99NB1,39.84070992259905
Q3UNZ8,7.65849123980291
Q9CPQ1,448.9854595800602
Q8CIE6,56.47396749920171
Q9WVL0,48.887128894747306
Q9CQQ7,511.3661400213009
Q8VCM7,1020.1621642927264
P62259,1191.5708874987909
P35564,496.43499584493554
P62082,198.59687263397268
P48758,7.65849123980291
P51150,405.7149373772747
Q9QZD8,30.82380214252693
Q9CPP6,373.03969984223573
Q8CC88,16.349316490952845
Q99LB7,83.94050106550853
Q9R0P5,252.58763572029432
Q60932,1286.1499797809563
Q99MN9,337.36231717240446
Q9JKR6,55.29529104789676
Q921G7,126.66713180972432
Q02053,325.59029634178563
Q99L13,538.359731597473
P14824,713.2839122867017
Q60866,202.7500701214005
Q3TEA8,60.6173662028566
Q99PT1,576.8499381200211
Q99LX0,1220.272940427147
P55014,45.42784912435303
P14733,50.62068325384851
P41216,312.40894894966476
P62702,7.65849123980291
Q8BH95,2089.6255821286477
P56395,1144.986613154319
P97328,658.4927908639394
Q8CGK3,92.85164986358127
Q9CQ62,719.4870839934051
P08228,3987.320252170788
P52825,112.89495516989913
Q9R0P3,338.1000055889738
Q9DCS9,237.0198296891377
Q9D1A2,1589.4611516562784
P13745,7.65849123980291
Q61316,67.22946677919091
O55143,20.280529297164506
Q9CQR4,253.29862351280346
P63242,327.7931131713646
Q80XN0,71.49844211424168
P17742,2681.6709691414244
P70441,927.2046457938472
P63028,137.77868841708252
Q9ERS2,77.0537383475459
P11352,218.05433553565976
P48774,426.9243189530685
P08003,139.75233873812627
Q61001,205.52092235874233
P14148,7.65849123980291
O08749,573.8207693654506
Q99JI6,549.6504004553274
Q8C196,49.46376902599562
P97742,44.90894383699829
E9Q7G0,28.19700803262328
P62320,58.24333699566704
Q9QXY6,119.48198850634401
P10852,250.45677578490867
Q8K010,27.505263522039357
O88343,90.92880695580311
Q9ESD7,3.131293652768287
P70296,7.65849123980291
Q91XE0,930.3938738448168
Q8VCH0,392.60908766136026
P04919,258.9950937903353
Q7TMM9,342.53023447979604
P56391,284.82814699932754
P43275,116.8397154414269
P34914,170.49642667734332
P26043,373.03969984223573
Q8VCR7,576.8499381200211
P70404,40.63021055880761
Q6P5E4,26.341474852855978
Q7TMF3,155.68308218652342
Q9Z0X1,826.5745036044259
P63101,1054.8587504962115
Q8BH00,77.6754893322315
Q78PY7,42.90201223988687
Q9JLJ2,346.2282741932149
P61458,210.38269349172424
Q61838,7.65849123980291
Q9D0E1,122.74431153441041
Q91WD5,200.67529036038286
Q00623,2246.8634415464494
P53395,65.41425930372455
Q9CQZ5,141.7300002057534
Q8R404,45.89005136751233
Q922R8,296.3987102884117
Q922Q1,279.78585453510624
Q9D6Y7,147.68672830011548
P56399,34.29004763424746
Q8CG76,7.65849123980291
Q61033,7.227082095405326
O09131,615.6189815082494
Q9D0M3,324.12287691045145
Q91WV7,21.631486590301073
Q8BFZ3,276.9069405109389
Q9DCX2,1012.916493259113
Q61171,3080.657104568939
Q91V92,32.331660584042865
Q9CZN7,104.42722976560519
Q64331,95.42126414048666
O88428,2.9917598036338107
Q64475,274.0300633841973
P55302,55.8847771863681
Q9R1P4,159.03256789736704
Q9QXD1,51.7823402244174
Q9DBE0,-0.042381915195902176
Q64521,28.410539985985437
P06745,582.9132926399474
Q9WVK4,78.29807901153328
P06801,0.4167848923167876
P35550,32.927727508973014
P26231,80.17118638947788
P07356,2074.840519732473
Q9JIF7,29.267817834841242
Q99KR3,240.54602615968372
P84244,7.65849123980291
P99028,0.24126056566317855
P05064,7.65849123980291
P60335,288.43731935407015
Q91WT7,7.65849123980291
Q9D939,57.06269375205786
Q9WTP6,988.0006587870266
Q64442,618.6710773444562
Q8CGC7,18.572733703246456
P99029,568.5245846123355
Q9WTI7,105.72272190489836
Q64471,7.65849123980291
Q62189,25.002549745487638
O70250,69.66320551666342
O08709,1472.5067412507663
P02468,410.0933744635786
Q9DCM2,391.1562394831708
O88587,175.93041491180225
Q02013,451.1981180877115
Q7TPR4,537.6078731343815
Q60864,94.1374166796341
Q8BVI4,248.328353681888
P62751,7.65849123980291
P15532,223.65804166734262
Q9ESE1,4.327610415049512
O08788,41.933617186761246
Q3UQ44,87.74009284586391
P62897,7.65849123980291
E9PZF0,7.65849123980291
Q8BVE3,128.6227971291772
Q9D023,137.12176739896236
Q9Z2I8,539.1114535609275
Q91Z53,714.8344941869069
Q8BFR5,945.5589182790809
O88342,347.70892593418614
P27659,105.0746577093421
Q9JIX8,0.4547974040119478
P50518,429.1253012277346
Q9CQH3,158.3618900505786
P01027,790.4412189085552
Q8K4Z5,11.948670357613588
P57746,138.43613117776826
Q9EQH3,66.01832528534383
Q9D6R2,163.73917054569068
Q9D6J5,110.27770916848878
Q8VDJ3,9.654169055785808
P84078,289.15960250973336
O08638,330.7337233779509
Q8BJ64,211.77468685221248
P62918,102.48901349128035
Q7TNG8,66.01832528534383
Q9DBT9,245.49454788581195
Q91WS0,308.7600800387599
Q9CZX8,175.24977007645055
Q07417,166.4372789476411
O09173,258.2821283548269
P62754,7.65849123980291
Q64433,7.65849123980291
Q91YI0,147.0231257373653
Q9CQI6,491.96519473620714
P97823,91.56897889754939
O35737,184.12684770153842
Q3UIU2,199.28992651332484
Q9DB29,28.94573993896735
Q91VA0,0.2968117275448101
Q00898,7.65849123980291
Q3U1J4,45.081770600500704
Q6P4T2,7.01845071382275
P10493,506.13481321991367
Q99NB9,10.285483130185495
Q9Z1P6,85.8366498671784
P27661,120.13964186817861
P62821,298.57496548976496
P31428,593.5407195229748
A2AN08,0.4607468246940396
Q8CIB5,84.57174138048696
P50580,58.83527253614861
O35459,1628.374345356861
P10518,264.7090153736897
Q9CWS0,607.2340516249164
P59999,246.202611722546
P30275,1.5933850130465648
P45376,386.7997722324659
P17751,2100.068188899654
Q9WTP7,250.45677578490867
Q64462,-0.0472806206766927
Q91VR2,522.595384464875
O35129,476.3548643323812
P03930,39.72815646918901
P15626,7.65849123980291
Q9D1K2,7.65849123980291
Q9EQP2,55.29529104789676
P24369,881.0931317432568
Q5SW19,3.956868720107206
P46425,7.65849123980291
P50247,7.65849123980291
Q6ZWN5,319.7237876663978
Q9DBP5,103.78047458441307
Q9Z2D6,38.27064644620939
Q8R1G2,1097.7932074769653
P16331,191.68672241084573
Q3UZZ6,7.65849123980291
P05201,596.58063163284
Q60759,77.0537383475459
Q6P1B1,17.403480659096076
Q91V41,269.72240796899024
Q3V3R4,101.20022834737355
P23492,827.36176192756
Q99K48,86.47031203786429
Q9WVM8,-0.02837403034790098
O88851,40.23509869251535
P63030,68.44446099178387
P70290,6.198040270067421
B1ASE2,7.65849123980291
S4R1W1,7.65849123980291
Q9CQ75,171.85259552843863
P17710,35.002573184061056
Q02819,36.048928642115946
P43276,62.40862593581494
Q9D8N0,201.36667326302037
Q921H8,7.65849123980291
Q3V0K9,43.645410073672466
Q9D1G1,305.84524882223997
P10649,40.799766778860054
Q9QUI0,367.2619633003815
O09111,7.65849123980291
P32067,77.0537383475459
P55096,24.94931627533463
Q8K411,9.564756722441684
P07759,7.65849123980291
P80318,103.78047458441307
P25444,7.65849123980291
O55029,39.33473002482118
P16015,19.91536488147204
Q9DBL7,47.16454434977112
P51855,94.78152718515844
Q9DCT2,412.2844684565018
G3X922,2.316365338060893
Q64516,96.06111769830967
Q8BLF1,13.030823557612877
P15105,4.402581717487121
P08905,7.65849123980291
P48428,136.46516372198636
Q6PHN9,117.499403343592
Q9CWF2,355.7362011369621
Q9DBL1,721.0388438485865
P97494,7.8185188684528555
P80313,121.44086463879215
Q3TNA1,15.158213244596663
Q99MZ6,0.7380943709561416
Q9CYH2,171.85259552843863
P63260,7097.428222312904
P60710,5476.490807792386
Q8VHM5,39.95330462980268
P19324,135.80912780392507
O55060,83.31016811567629
Q91VM9,292.7763717798923
Q76MZ3,120.78991949145097
Q9CQJ8,360.77399639640646
P28474,586.7065204294004
Q8R086,124.70335704402491
Q9DBX3,11.528967762594739
Q91X52,690.0758229879294
Q8K0E8,987.1979754632104
O35855,73.34209140636983
P58281,8.812671379156566
P47911,177.29265077664598
O55234,130.5771396041656
Q6ZQ38,84.57174138048696
Q9CZM2,172.53136200411654
P61922,839.1834132948392
P50136,44.73623797331108
Q60967,0.16970452770022604
Q8K183,209.6871082496864
O08553,193.7561481679224
Q99L47,212.47107022566857
P0C0S6,149.01513016859732
P17427,67.22946677919091
Q9QYR9,180.70504649407414
Q9CPV4,193.06583500534194
P97461,196.52013853727297
Q9D593,23.257849101625943
Q9Z2Y8,63.60785607782762
P60843,104.42722976560519
Q9CQX2,503.1482674512252
P62830,92.85164986358127
P70398,2.1566787363362834
Q61543,6.279045511268349
P08226,416.67079810329454
Q99JR1,255.43258893755325
Q8K023,7.65849123980291
O35215,118.15957886446074
Q6NVF9,2.9224607767448156
Q3UV17,10.972171298828822
P68369,670.0292586745162
P13020,485.26867880246175
P42932,147.0231257373653
Q9DCN2,676.1905482610051
Q9D6F9,402.7982713553093
P84104,292.7763717798923
P45878,108.97303989985251
O55125,530.846965824461
Q9CQ54,66.62343049593767
Q9CRB9,215.2602362667472
P00375,-0.04758186697431732
Q9WUR9,1074.2776156932964
E9Q6R7,7.65849123980291
P30115,89.65091426762378
G5E8K5,3.774119963574446
Q9CR62,439.41127897945717
P62267,71.49844211424168
P05213,524.8439783257445
P70372,66.62343049593767
Q9DCM0,125.35745945552253
Q9D819,234.90773238402124
Q99KK7,55.29529104789676
P03888,110.27770916848878
P68040,219.45351706900342
Q61656,31.199480047849313
P80316,119.48198850634401
Q8K3J1,108.97303989985251
P99026,99.91425147528454
Q3TXS7,19.344672298437537
P24527,114.20731239004235
Q99KB8,155.01445036988454
Q9DBF1,728.8022441201425
Q921F2,43.359191653047915
Q9Z1Q9,24.15361639051113
Q8QZS1,719.4870839934051
P97450,84.57174138048696
Q8R0F8,244.7866231091131
Q8BGH2,54.11972221265288
Q8K1Z0,70.2740601915642
Q920R6,1.8229059476170257
P53810,84.57174138048696
Q8CI94,57.6524916828333
P97429,721.8149845975033
P35278,169.14183761214716
Q61335,135.80912780392507
P55264,24.418228967902266
Q9WVA4,592.7807160419633
Q9D7N9,58.83527253614861
P80315,148.35076413454655
Q61147,396.97291453889386
P18760,7.65849123980291
P21981,205.52092235874233
Q9D2R0,-0.012445304837718996
P09242,0.7282284930314427
Q9R257,163.73917054569068
Q9DCU9,196.52013853727297
Q9CPU0,329.2631369817967
Q62426,352.14272816988193
Q8R0I0,27.293123720567294
Q9CXN7,7.65849123980291
Q8C0I1,6.441750986500806
Q9WTX5,93.49411009553451
Q64105,186.18422642246276
Q9D7B6,58.83527253614861
O09174,77.6754893322315
P37804,1546.4383020985015
O89023,182.07268391524386
P10639,788.8738488585636
P68254,410.8236511338557
Q8VDM4,37.88001717123826
P62264,293.5002673361843
P68373,474.12917093988693
Q71RI9,1.8518384141431108
P42125,309.4894392746111
O70492,181.38863463780874
Q91VR5,37.1566211513421
P30416,61.810487558541475
P34884,384.6235255306671
Q9QXG4,3.236749788130912
Q5U5V2,-0.03590953569511224
Q9WU79,1.1017165235667874
Q9DCT8,198.59687263397268
Q8JZQ2,70.88579510870942
P09055,375.20881098124954
P04117,381.72403983972845
Q91X72,1192.3895389208678
Q99LP6,134.49832529442872
P08032,30.82380214252693
P24472,7.65849123980291
P62962,812.4145513604007
F6ZDS4,9.032381692998749
Q00897,7.65849123980291
P39054,25.375937486433624
O08810,6.646437635972902
O09043,120.78991949145097
P62315,92.85164986358127
Q9DC70,83.94050106550853
Q99KQ4,28.517408788506717
Q61879,331.46937135438736
E9Q6E5,0.25469706772260015
P25976,0.45032474690624036
Q7TMS5,7.65849123980291
Q9DB15,15.75111985868055
P63276,7.65849123980291
Q9D6J6,161.7196818196863
Q9D6U8,139.75233873812627
P46412,2361.170715874128
Q99LB2,76.43286242945857
Q9JJI8,346.2282741932149
Q99PL5,56.47396749920171
Q61768,13.699763822246299
Q9DCS2,0.4100438735894274
C0HKE1,7.65849123980291
Q8BFU2,120.13964186817861
P62835,375.20881098124954
P62334,59.42827888024178
P09813,330.7337233779509
P04247,13.507934846404625
P47962,7.65849123980291
O55022,402.07005547204136
Q91ZJ5,167.11277594296044
P61255,7.65849123980291
P62996,35.55256251605508
Q99K67,24.312308597386043
O70133,87.10482539011755
P56389,2.5479723217549792
O35658,321.92231183191916
P57759,178.6563995335902
Q9Z1Z0,24.842899404956857
P50431,684.6722167882177
Q9Z0S1,66.01832528534383
P05784,1060.5196074455391
P60867,108.97303989985251
P48771,380.9994356049426
Q07113,1.9098626648229322
P61982,389.70360615597684
P31786,1004.0677973052551
Q9QZE5,30.50248250234243
P47791,237.0198296891377
Q99J99,338.83799634384303
Q8BUR4,0.5313917739825562
P99027,7.65849123980291
P30681,99.91425147528454
P70336,4.141375918632433
Q9R112,76.43286242945857
Q9ERK4,9.743780723460496
Q9CVB6,412.2844684565018
O08795,174.56962319503128
P62245,7.65849123980291
A2ATU0,29.37533365705524
E9Q555,0.9625809382288091
Q9D0S9,219.45351706900342
Q64511,0.5405843779532171
Q6URW6,40.40431852263011
Q9JHW2,406.4441463750976
Q9D892,42.16111108491594
P52196,634.7209522736548
Q3UPL0,16.049564687356142
P80314,157.0216675583259
D3Z7P3,222.25521527052607
Q8C165,-0.04758186697431732
Q9DCJ9,57.06269375205786
P05214,7.65849123980291
Q6PIE5,126.0119672223318
Q9WU78,7.65849123980291
P41105,70.88579510870942
Q9D1Q6,69.05335568611557
Q99L20,7.65849123980291
P62196,39.784427953611505
P15508,32.38573953450069
Q99MZ7,51.7823402244174
P16045,1093.7350544109058
Q91X17,742.7987274267707
Q3ULD5,216.65674542220776
P02463,193.06583500534194
Q9CXS4,2.682823828454555
Q60648,293.5002673361843
P62827,382.4487555222619
Q61699,7.903870228723527
Q9JIW9,133.1894734141809
Q9DBG6,135.80912780392507
Q9EPL9,1.0257313760144395
O08529,70.2740601915642
Q9R1P3,194.44655632132688
Q06185,238.42945134716612
Q99JY9,245.49454788581195
P56959,28.892129181696745
O70325,151.01124140970566
Q8BP40,0.17395970562549778
P35293,38.38239329254378
Q9Z1G3,84.57174138048696
Q60605,763.0662686145965
Q6GSS7,194.44655632132688
P18894,103.13442839012016
O08756,836.8173453100542
P14131,203.44228055022407
Q8BX70,1.7364273129198335
Q8BU30,20.228267367246584
Q6P069,149.68013535772454
Q9CQV8,676.1905482610051
Q8R3P0,74.57570479536615
P98197,0.1122385113624178
Q02566,1.1945506473037346
Q9R0Q3,75.81289803478688
Q91VI7,167.11277594296044
Q3UFF7,137.77868841708252
Q8JZQ9,10.467572328381708
Q8BMJ2,11.435715348430119
P68510,193.06583500534194
P12787,335.1507468582408
P60766,428.3915641347279
Q3TW96,1.9680945678619048
Q91YH6,106.37144450266206
Q9CW03,8.377062694116649
Q569Z6,0.6099265539737453
Q78JT3,108.32156136753133
Q8R0N6,6.564389238074106
P50285,74.57570479536615
P27048,12.841066270435007
Q9R1P0,158.3618900505786
P70195,54.70689798148292
P62874,263.9936190517465
Q99KR7,234.90773238402124
Q9JMH9,0.6985743762084389
P61027,204.13481558561696
Q922B2,72.11205576204827
P97351,151.01124140970566
Q8BG32,77.6754893322315
P18242,592.0207074073929
Q7TNV0,5.876383412990393
Q8JZV7,0.37178712568996164
Q91X91,383.8985029499814
Q69ZN7,6.036736363874527
Q6PIC6,116.18074082445635
Q9DCD0,148.35076413454655
Q9WVE8,48.887128894747306
P36552,0.2804642230117176
Q8VEH3,96.7016236500597
P17563,412.2844684565018
Q9CQC7,193.06583500534194
Q8CFX1,0.9604381859470232
Q8BIJ6,72.72661299329461
Q8R016,13.651746038953831
Q9CQE8,78.29807901153328
P12970,116.18074082445635
P51410,7.65849123980291
P49429,271.8749258327824
Q9CU62,5.0119153768173526
O70493,113.5508579662674
P19253,95.42126414048666
Q6A068,0.36788653740807
O35691,0.31942275715816826
P68037,7.65849123980291
Q9QUM9,155.68308218652342
A0A0U1RPC4,7.65849123980291
P62774,128.6227971291772
P61089,172.53136200411654
Q9DBG3,78.92160273374658
Q9WUB3,2.2522690606442675
P16332,70.88579510870942
P46460,25.162432313191413
Q9CY64,83.31016811567629
P63085,69.66320551666342
Q91VW5,0.20552448359772368
Q9R0Y5,231.39315673430625
P51661,255.43258893755325
P14206,7.65849123980291
Q11011,75.81289803478688
Q02257,29.80616844563983
P97315,827.36176192756
P20152,9008.732855693404
P56379,29.80616844563983
Q5H8C4,0.32366089077592397
O35409,3.557186794832446
Q61599,231.39315673430625
Q91YP0,29.05301909486761
O88487,31.360741769248925
Q69Z37,0.012818878651092325
Q61739,14.717068838834914
O08583,7.65849123980291
Q8R519,15.404606611763224
Q8VDK1,63.00776911027691
Q9WVD5,0.28582255338037177
Q60865,4.8580112799926525
P26369,20.123849916568094
Q9Z130,83.31016811567629
Q3TLP5,168.46507189297395
O09061,186.8706872416213
Q8JZN5,28.838532498032972
Q8BGQ7,26.44778596619429
Q9CR57,7.65849123980291
Q9JJW6,7.65849123980291
P40124,314.60098882949416
Q61207,85.20374480913611
Q9JMH6,28.19700803262328
Q9CXI5,35.993708537515026
Q9D0M5,124.70335704402491
P53026,159.03256789736704
P62281,215.2602362667472
Q9QXS1,139.75233873812627
Q9CQH0,226.46721575688954
Q78IK4,41.422663099748576
Q9D0I9,29.214094903142144
Q91ZU6,0.14780135697006203
P45591,202.05819685717591
P59158,0.7715694810646065
Q9WVJ2,37.21217159233646
P70335,5.519120622593455
Q00PI9,25.589827443156263
O88456,244.7866231091131
P50396,111.58506168647588
O54734,72.11205576204827
A2A5R2,0.18968245363957248
Q9DAS9,243.37203749879285
Q9CQ91,65.41425930372455
P70168,37.712856688528056
Q9WV02,7.65849123980291
P63168,113.5508579662674
Q6GQT9,1.322702828314128
Q8BWF0,71.49844211424168
Q8VCA8,80.17118638947788
Q9QZ88,213.86501996198996
P42859,0.2339507962466172
P43024,57.06269375205786
Q9DCL9,42.331859119819725
Q8VHY0,0.19049111619724424
Q61792,302.9344856511634
P58771,959.9500743980126
Q8BWM0,75.193839866614
P62717,122.09224805491402
P14069,1039.5128271253195
Q68FL6,19.55174990671747
P46638,298.57496548976496
Q60766,-0.04758186697431732
P31001,127.32236490775387
Q9Z2X1,129.27383461530673
Q9CQI7,18.572733703246456
P97496,0.007040570090012466
Q8VE37,2.1566787363362834
Q9CPW4,139.75233873812627
O88958,195.82867260674303
P62843,161.7196818196863
Q8VH51,1.5110587014375247
Q9D2G2,294.94886491865975
Q9WV55,127.9723226268253
Q99PV0,3.956868720107206
P20918,55.8847771863681
Q9Z1X4,42.21800361247165
Q9CXZ1,70.88579510870942
Q9EQ06,63.00776911027691
Q62376,11.6224032005291
Q6PE01,6.564389238074106
Q99K51,178.6563995335902
P47934,61.21339760312744
P10605,444.5637056396552
Q9QUR6,12.228867452149823
Q9D554,12.604788283603275
O35643,77.6754893322315
Q99LF4,82.0520783270812
Q63886,9.032381692998749
Q61133,30.18178798638204
Q02357,4.8580112799926525
Q9CQZ6,75.81289803478688
O54749,7.65849123980291
G3X9C2,0.16146632122912452
Q61990,99.91425147528454
Q6DYE8,1.393830569026104
Q8K0C4,1.1678659315372166
O88696,23.731527590737347
P06728,333.6774824720641
Q6ZWX6,75.81289803478688
P84099,161.7196818196863
Q8C2Q3,9.609440045423959
P51859,127.32236490775387
Q923I7,108.32156136753133
Q99JF8,6.646437635972902
Q9WUA3,16.14932727500816
P47757,436.46929910621117
Q3THK7,2.9224607767448156
Q9CQ60,160.37531566574205
Q6ZWQ0,4.067363614744096
Q8JZU2,202.7500701214005
Q9CXW3,71.49844211424168
Q64152,58.83527253614861
Q8BFZ9,60.6173662028566
P26883,6.036736363874527
P26516,57.6524916828333
P53657,190.9977362777477
G3X9K3,0.24397552105789844
Q91WK5,37.4901672481342
Q62159,159.03256789736704
P07309,1799.5608801109104
P35979,7.65849123980291
P61161,242.66525907284372
E9Q512,0.06257905087441862
Q9D1P0,30.770195127425172
Q8BH86,41.76315894812154
P62631,542.8729692061402
Q91WR5,7.65849123980291
Q3UJB0,5.05055320854619
O54962,206.21446948192732
Q9CZB0,65.41425930372455
P23198,50.62068325384851
Q91WG0,7.65849123980291
O35639,94.78152718515844
P47857,24.524249263324464
Q04857,745.1343591071538
O08547,143.7116140404236
P12382,232.0953896502398
Q8BKC5,6.605386295837831
O09049,7.65849123980291
Q99PG0,-0.03255273534237746
Q99L04,36.65737211675413
P09528,7.65849123980291
P10630,82.68072273824112
P62137,61.21339760312744
P97364,26.2338112544417
Q99JB7,66.62343049593767
Q8BML9,5.2837087156292295
Q9JLF6,-0.03818436800050595
P62900,115.52225281925062
Q63932,7.437091527671461
P35802,0.05263287760578761
P51863,138.43613117776826
P11588,7.65849123980291
Q9JHJ0,111.58506168647588
P62192,30.23519093401477
Q9D1D4,177.97430699643758
P63005,67.22946677919091
O35381,1.5933850130465648
O55126,108.97303989985251
P60229,21.008053329297706
Q6P8J7,6.646437635972902
P62869,45.716591077874384
P62960,70.2740601915642
Q9CWJ9,42.5027691761631
P49722,124.04975734047477
Q9CQM5,117.499403343592
Q9CYW4,246.202611722546
Q68FG2,17.00095370818118
Q923D2,1034.6716127257255
P97371,416.67079810329454
Q07813,26.816970546372215
Q99LY9,76.43286242945857
Q8CFA2,17.252285490681913
Q91WU5,0.19848088163984223
O88986,0.3504092934976917
P34022,31.683745313927247
P62301,208.99196742400872
Q9CQC9,45.254752815907985
Q7TMK9,55.8847771863681
Q9JLZ3,72.72661299329461
P48722,7.65849123980291
Q9ES07,-0.006445817765270756
P97384,165.7621158903908
Q05816,84.57174138048696
Q9CR51,169.8188678300465
Q9CQH7,7.65849123980291
P06909,7.65849123980291
Q8R4N0,162.39238119004182
P00493,81.42424240701729
Q9CQ80,58.83527253614861
P62331,182.75687761788416
O35286,12.463508796761815
P22892,23.204978182013072
Q6P5F9,11.435715348430119
Q7TPV4,0.03838717202087216
F8VPN4,8.94434759704483
P62743,56.47396749920171
Q9DB05,140.4111350680161
Q9DCC4,11.948670357613588
Q62446,120.78991949145097
Q6ZWQ9,7.65849123980291
P67984,76.43286242945857
Q8K157,313.86999349329454
Q8BGA8,0.12865476436990408
Q9CWZ3,19.55174990671747
P84084,145.69722218799993
Q8R326,7.437091527671461
Q64324,14.570701801043496
Q8R3G9,2.2522690606442675
Q6P3A8,73.95838696944197
Q9D824,7.65849123980291
S4R2L8,7.65849123980291
Q9Z2Z6,83.94050106550853
Q99JI4,31.522177300049364
Q6ZQI3,89.65091426762378
Q9DAW9,133.1894734141809
Q04447,386.7997722324659
P83917,48.887128894747306
P61211,34.399493208857145
A2AJL3,2.8879291471283373
Q01405,8.377062694116649
P29341,7.65849123980291
Q04750,0.7898625743451135
O55137,7.65849123980291
Q3UEB3,3.956868720107206
Q9WV85,85.20374480913611
Q5SUR0,6.935385348789262
P63325,100.55687698170235
Q8K019,0.2648669447413019
Q3UEG6,123.3967560837683
Q64514,7.690893801963261
Q9D8I3,1.8518384141431108
P62075,51.7823402244174
P46471,56.47396749920171
E9PV24,7.65849123980291
Q91ZX7,3.593160066631296
Q8C547,0.22746920065747878
P53994,146.35997704881203
Q8CHG3,0.04595028844030402
Q9JLN9,0.20552448359772368
Q91W43,41.990457653098396
P62852,138.43613117776826
Q9JIK5,0.10448959941543312
Q69Z99,0.09649391977456201
Q9D6Z1,5.956441540095487
Q922F4,72.11205576204827
P97372,7.65849123980291
Q8JZZ0,7.65849123980291
Q9JJZ2,177.29265077664598
O70435,146.35997704881203
Q6PDQ2,0.17141267086268575
P63037,7.65849123980291
Q91VT4,65.41425930372455
Q60930,851.0222108827644
O70503,175.93041491180225
Q5SWU9,0.0955895023717892
Q9QUH0,423.9920199955692
Q9WUU7,100.55687698170235
Q8BSY0,8.55069305669283
Q9CZW5,31.03836236277327
P63001,173.88979672136585
Q99JW5,57.06269375205786
P00397,82.68072273824112
Q8BP67,146.35997704881203
Q9D358,66.62343049593767
O55222,181.38863463780874
Q6NV83,0.2582228689994537
Q9CZR8,75.81289803478688
Q9D883,8.7688818859348
Q922U1,0.08256898964108972
P11983,135.1535318757906
Q99MR6,7.65849123980291
O55135,135.1535318757906
P61514,80.79729071963054
Q8K0D5,12.793733026632859
Q60972,39.11025205505568
Q8K1M6,6.605386295837831
Q99JY3,9.430993780516589
Q9QXT0,33.41693971594901
Q9CR21,122.74431153441041
Q9ESG4,15.355252748100135
P47754,395.5176726617515
P11679,1306.813081719647
P62880,215.2602362667472
Q8C0C7,14.717068838834914
Q80X68,7.65849123980291
P62849,7.65849123980291
Q923D4,20.90408672503271
Q9D0F9,80.17118638947788
Q61191,0.21470990909076404
Q9EQU5,92.2099245213221
O70475,110.9310743172155
Q8K4H1,14.717068838834914
Q8CH18,2.316365338060893
Q99KG3,0.03199245982346466
Q8VCQ8,443.0909314420364
P54822,18.623968434301315
Q9Z0J0,908.8885285805964
Q62351,4.55333184022542
Q8BP47,97.984963921914
Q02248,41.30926865006875
Q7TMB8,13.412254993295521
P97855,15.900175195299482
Q8CAY6,7.65849123980291
Q9JL35,4.215664575989996
O35969,97.984963921914
Q5SSW2,-0.03619236179320506
Q8CI85,75.81289803478688
P36536,106.37144450266206
Q8K215,22.153276602554893
Q9R0N0,96.7016236500597
A2AE89,7.65849123980291
Q9CZ42,41.30926865006875
P28666,7.65849123980291
Q9D0F3,86.47031203786429
Q9CZD3,30.23519093401477
Q8BSL7,-0.04758186697431732
Q9CQD1,72.72661299329461
P62492,172.53136200411654
O70194,4.104334745446408
O35857,25.696916342002275
Q9CS42,40.00963953849638
Q9CYZ2,118.15957886446074
Q99MN1,22.941045876666337
O89017,32.38573953450069
A2AEY2,97.984963921914
Q8BK64,11.902115060851001
Q922P9,3.131293652768287
Q9WUZ9,47.73752479301891
Q9D880,26.92263178761978
Q9QZD9,32.927727508973014
Q60825,-0.00786783624702947
Q6P8J2,63.60785607782762
Q9D1P4,0.2721883439539776
Q9CPR4,7.65849123980291
Q9D0R2,7.946625577143466
Q62393,28.410539985985437
Q64737,5.166846561224739
Q60692,96.7016236500597
Q9DCP4,7.65849123980291
B2RQC6,0.17226369566843713
Q9CXA2,12.793733026632859
P98078,73.34209140636983
P21614,360.05377320996587
Q8C7X2,5.5585702906142345
Q9JJU8,214.56256435596833
Q9ESX5,5.916383969824867
Q3UNX5,62.40862593581494
Q6DFW4,7.903870228723527
Q9WUM3,60.02227111304349
O88532,0.11053697741169044
Q9Z315,0.21243499823773782
Q78JN3,7.65849123980291
O70251,124.04975734047477
Q7TMY8,1.2780581562830307
Q9JIZ0,7.65849123980291
Q64010,42.331859119819725
O88533,621.7246055618547
P30412,9.120615896129863
P85094,7.65849123980291
P23506,157.0216675583259
P52503,241.95839073321008
Q6PDG5,0.24667648146809595
E9Q4K7,2.0933277978117606
P49935,107.02084879820436
O54983,261.1357009236982
P32848,55.29529104789676
Q9CYN2,44.73623797331108
P12815,91.56897889754939
P17879,304.38941702475074
Q921M3,19.448139802655763
P62307,177.97430699643758
P23927,3477.9532530472475
Q8JZK9,0.6694689522641772
Q9CQW1,21.060079238233843
Q60737,13.79591460603413
P35585,31.683745313927247
E9Q6L7,7.65849123980291
G5E829,3.0613711406011674
Q6A4J8,6.036736363874527
Q9CZ44,17.151651283483442
Q9DBH5,45.83220696094091
E9Q414,70.88579510870942
P68033,1122.9905330542676
D3Z2H9,7.65849123980291
B5THE2,92.2099245213221
P68134,839.1834132948392
O35887,36.32525371778503
Q08857,24.94931627533463
Q9D8W5,31.629871973687095
Q91WK1,142.39018101367037
Q9CWK8,73.95838696944197
Q9CQ22,99.2710132583655
Q9CQ69,281.2252430437736
Q8VCT3,41.536104595071954
Q9CQ92,82.0520783270812
Q99KN9,18.572733703246456
Q9R1P1,220.15342045049164
P35282,105.72272190489836
Q64669,51.7823402244174
P61087,25.80409809024125
Q8C6B0,7.65849123980291
Q8R010,60.02227111304349
Q9CZY3,17.252285490681913
Q9Z2H7,77.0537383475459
O08997,169.14183761214716
Q9JIY8,7.65849123980291
P62071,105.0746577093421
Q922Q8,38.550132389737804
Q80X19,7.65849123980291
P21278,51.7823402244174
P21550,182.75687761788416
P47740,207.60260380102207
Q8BGY2,62.40862593581494
Q6PDI5,0.15000695986128187
Q7TPD0,0.0715332054783695
Q9CZ30,51.200952516820834
E9PZ16,763.0662686145965
O88441,118.82047222018898
Q8QZY9,2.957072090735439
Q9EP69,18.215015640390977
P61021,63.60785607782762
O89106,171.1743100663314
Q9Z2N8,5.2837087156292295
P80317,7.65849123980291
P63321,88.37626080530694
Q61847,-0.04758186697431732
P26350,142.39018101367037
Q61696,7.65849123980291
O54988,4.067363614744096
Q9D1M0,64.2090224393925
Q62422,21.423540901311863
Q91X05,13.507934846404625
Q8JZN7,9.833587039061042
P61205,194.44655632132688
Q8R1B4,1.5393936072816494
Q07076,183.44170449520954
P19258,21.164214364026112
Q80ZK0,7.394977094521176
Q9CXI0,23.67888422013303
P47955,7.65849123980291
Q62465,279.78585453510624
P61358,191.68672241084573
Q3UP75,0.1856112080374397
Q8BYF6,0.4770845010739757
P70122,42.10419879782595
Q91VW3,246.91094021711635
Q9WV80,16.800521653545683
Q61702,66.01832528534383
Q8VCN5,21.423540901311863
Q9D8C9,7.65849123980291
Q9D8T7,135.80912780392507
Q8K370,6.117269308847975
Q924M7,27.346130801067066
Q8VE22,7.521474581037918
Q8VCW8,539.8639262989533
Q61233,51.7823402244174
Q9WTQ5,40.06597303552747
Q9QYA2,34.56377605733163
Q8VDP4,4.178486176264564
Q9R0X4,7.65849123980291
Q9WUL7,70.2740601915642
Q9ERT9,0.18149336930952464
P13634,1854.448180073389
Q9EPL8,5.7567498719987045
A0A0R4J157,7.65849123980291
Q8VBZ3,5.166846561224739
P21279,7.65849123980291
Q924X2,0.13102870967052604
P35230,1.0589052572720359
P62270,264.7090153736897
P33622,57.06269375205786
Q9CRD0,72.11205576204827
O54774,3.9936292209634265
Q8R1Q8,6.441750986500806
Q62048,89.01318432016875
P62889,103.13442839012016
Q91YW3,14.327520030751417
Q9D2V7,0.9963698093197986
P42669,157.0216675583259
Q03734,7.65849123980291
Q9CQM9,13.507934846404625
Q60870,254.00964477646417
Q9Z2J0,63.00776911027691
Q9DC61,17.201948801602413
Q8C129,2.5479723217549792
Q9CY46,16.099422508797275
Q9EPU0,10.467572328381708
P43406,127.9723226268253
O89086,60.02227111304349
Q9DCH4,29.37533365705524
Q62186,98.6276089284088
P19536,7.65849123980291
P35279,56.47396749920171
P63268,757.6040113047126
O09172,13.699763822246299
Q8QZY1,20.69650496296722
P70695,107.02084879820436
P03911,91.56897889754939
Q8VDQ1,43.359191653047915
P09803,16.099422508797275
Q9ERE7,15.404606611763224
O55131,139.0940735520736
P11103,6.198040270067421
P06869,-0.03534528114091895
Q9R069,215.95826050748596
Q9QY76,70.2740601915642
Q8CFZ5,18.3170536298734
P97822,27.293123720567294
O89079,84.57174138048696
Q8C570,0.9518661683877734
Q8BTY1,0.09101746126003185
Q9Z1F9,2.030280309451537
Q9Z2E1,0.1357119767592101
Q62203,4.9733439189242965
Q3THS6,108.97303989985251
Q91W90,52.36494419944961
Q501J6,40.40431852263011
Q91WK2,21.112131020759932
Q8VC69,46.584975449977016
Q9CR16,0.6847065471001139
P54775,45.65883258123327
P38060,415.2081857750424
P56380,13.4600753195486
Q9ERD7,155.01445036988454
Q922J3,0.7183531709552919
E9PVZ8,0.7223044051846883
P08752,113.5508579662674
D3YZZ5,31.360741769248925
O09167,70.88579510870942
Q8VDG5,32.11541943185113
Q6ZQ08,0.2237672026953419
O35685,14.133666444016715
Q8K4Z3,82.0520783270812
Q9D898,92.85164986358127
A9R9W0,7.65849123980291
Q9D662,0.6340179985616643
P46664,10.013773962360133
P14602,2180.3259204866386
O55013,17.960484721468468
P21107,484.5249877825428
Q9D6Y9,73.95838696944197
Q9ET01,10.104154518412614
P40936,0.047941747721778505
Q4VA53,0.5628759797455485
Q9JI75,282.66578113774057
P14685,36.65737211675413
B2RXS4,8.247383220220556
Q9EPB4,2.957072090735439
G3UYJ7,7.65849123980291
P61971,7.65849123980291
P61961,19.49992722633728
Q80X81,67.83645608188662
F6YVP7,7.65849123980291
Q8VCI5,2.581564669653909
Q9JLQ0,11.296176223538586
Q9CQF3,54.11972221265288
A6ZI46,7.65849123980291
A2CEL0,7.65849123980291
Q9ERU3,-0.008941664217672063
Q2TPA8,230.69036832281415
Q9D7J9,305.84524882223997
Q9DCS3,22.888340868203766
Q8C1A5,1.6218834019796362
Q9R1J0,1.8518384141431108
Q9D967,7.65849123980291
Q6DIC0,0.15722736224163825
P70158,1.6790447989719612
Q5XJY5,52.948706842326835
Q9D8S9,0.5824225461995602
Q9Z2U0,181.38863463780874
Q8QZY2,3.9936292209634265
E9Q3L2,0.2555807678870048
Q8VE70,28.30372027401497
P28656,7.65849123980291
Q8VI47,0.41409194287512485
Q06138,41.536104595071954
P63254,86.47031203786429
Q9Z2W0,38.49419794214003
Q9D0T1,34.399493208857145
Q9D1H6,22.6252087303828
Q9JII5,10.604631198280956
Q8BXK9,165.7621158903908
Q9EQI8,28.517408788506717
Q3V132,55.29529104789676
P42208,169.14183761214716
O09164,232.7979476257362
Q7TNG5,11.575664290574094
Q8BUK6,0.34284887942518494
Q920Q6,14.327520030751417
Q9R0M4,222.95663660767917
Q62167,7.65849123980291
Q8R1G6,378.10305663358935
E0CYR6,7.65849123980291
Q9DCV4,18.572733703246456
Q921F4,7.65849123980291
Q3UGR5,51.7823402244174
Q62318,35.883322758285864
Q8BK30,6.238513024535381
Q9WV27,17.858916969005584
P56135,127.9723226268253
O88738,-0.00668205061548488
Q63829,26.287634896140204
Q9CSN1,0.06932544877543179
Q8CIM7,7.65849123980291
Q571I9,7.65849123980291
Q9Z2M7,16.29926660701768
Q9EQH2,6.198040270067421
Q8BG81,0.2902358762314299
P97478,11.99526165998791
Q91YE6,0.7735353743730462
Q922U2,509.1236482877456
Q8BTV2,0.505598874552263
Q8CH25,0.2763382969565824
P21619,207.60260380102207
Q80XH1,0.252037153204675
Q9ESU6,0.00614775991901273
O35386,19.292976290051662
Q91V64,49.46376902599562
Q9D7X3,7.65849123980291
Q8VCF0,0.6407337843590444
Q61703,92.85164986358127
O35972,1.378001150789685
Q9CQF0,30.50248250234243
E9Q7P9,14.278999118972452
Q9R1Z7,0.01269487721830953
Q8BH64,36.435893430027186
P58044,12.416494447478797
Q3ULJ0,97.984963921914
Q3UYC0,0.19927025937215537
Q00896,4530.295068420983
E9PZS8,7.65849123980291
P54728,85.20374480913611
P57776,74.57570479536615
Q60598,69.05335568611557
Q9R0M5,0.01808683388311616
O88990,50.62068325384851
D3Z3N4,250.45677578490867
Q61081,52.948706842326835
P63280,7.65849123980291
Q8R0Y8,7.143462478435586
Q9D8B4,54.70689798148292
Q3UM45,7.65849123980291
Q91VM5,18.3170536298734
G3X972,8.900402574814846
A6X935,126.0119672223318
P17897,430.5927479662908
Q5F285,228.57733612950219
O88848,0.4622316309548842
Q9JHS3,17.151651283483442
Q60854,7.65849123980291
P62309,66.01832528534383
Q8QZW3,73.95838696944197
P58389,60.6173662028566
Q9R0P6,20.748361501426672
Q9JIY7,7.65849123980291
Q8BJY1,13.79591460603413
Q9CXD6,4.215664575989996
Q8JZM7,0.04293144707730878
Q61166,64.2090224393925
P11152,-0.007511309391551646
Q8VHQ9,0.31835981580141604
O35350,99.91425147528454
O35864,28.57089943869578
Q921M4,-0.04758186697431732
Q99KJ8,89.65091426762378
P70444,0.22746920065747878
O35593,60.02227111304349
Q9Z1M8,7.65849123980291
Q9JK42,17.252285490681913
Q8R2Y8,16.600098894421595
Q9DAK9,125.35745945552253
Q9R0C0,0.6034744039926057
P28660,10.467572328381708
Q80UU9,183.44170449520954
Q9CQR2,133.8437548183062
P49443,24.3652517884559
P61750,177.29265077664598
P97314,161.04717213071336
Q9Z2U1,163.73917054569068
Q00915,8.7688818859348
Q60715,0.6163669535929861
P11031,178.6563995335902
P02469,90.92880695580311
Q9JIK9,17.201948801602413
Q5FWK3,80.79729071963054
Q8JZX4,0.0806515957528029
P18572,67.83645608188662
P19157,1887.9804978343352
Q9JK38,6.8525478332499326
Q91YR1,20.69650496296722
Q9CQ40,21.008053329297706
Q9JHU9,20.956053689370226
P29788,534.6020843610384
P11881,0.19450800773450805
Q8VIM4,3.3784200829111137
Q99KC8,7.65849123980291
Q9ERU9,0.11476951994608542
Q9QYJ0,18.01133264489825
P29391,7.65849123980291
Q9CQB5,36.990068059896764
P16110,258.2821283548269
P40336,72.11205576204827
O09044,22.572655497682913
F8VPK0,7.65849123980291
P60122,54.11972221265288
F8VQC1,3.236749788130912
Q9JLI6,17.909684557580636
Q61686,5.916383969824867
P70333,141.7300002057534
P68433,7.65849123980291
Q8BH97,0.20552448359772368
Q45VK7,0.15793855363512388
Q91YP2,5.716992174885376
Q921H9,0.2680139891002542
Q8BZW8,6.728709821385989
O35730,0.009823053804152382
Q8K2F0,-0.036050864028486784
Q91W39,0.10273472636889291
Q8VE97,11.809136833868585
Q922V4,0.09918761085266148
P27046,1.7651997296906856
B2RSH2,40.06597303552747
P47802,46.584975449977016
Q8R5J9,497.1805200174281
P23953,11.809136833868585
Q80W54,11.203373462042997
Q91VA6,24.73658691487622
Q8BKZ9,10.240081190391273
Q91YJ2,13.651746038953831
O35295,27.93054665215913
P11862,1.0279898868396766
Q8VDT9,7.437091527671461
P61759,7.060066632095145
P62855,103.78047458441307
Q9CPQ8,7.65849123980291
P53811,36.435893430027186
Q9JHR7,5.63765976518775
Q62348,107.02084879820436
Q80W22,-0.00798685429210133
Q9QXE0,0.11975702007399991
Q6ZWV3,7.65849123980291
P26638,25.26912662132185
Q9CYR0,105.72272190489836
Q9DB60,1.4856068804515838
Q3U7R1,26.60588367744568
Q8BWN8,0.19610240346001628
P10833,403.5271366553891
Q91W89,2.81910476627378
Q7TQI3,149.68013535772454
Q810B6,8.118175542842641
Q9D9V3,99.2710132583655
Q8VC12,-0.04758186697431732
O88685,33.962143888564945
Q9D2M8,27.877326548560575
P86048,36.435893430027186
Q9R0Q7,7.65849123980291
Q791V5,592.7807160419633
P17156,151.67730005519167
Q99KV1,10.926068963472774
Q61205,22.677781636300985
P84096,33.41693971594901
Q9QYR7,7.65849123980291
Q8CAK1,27.77092715414866
O70252,22.46766113784749
Q8BMF3,2.124965388205999
Q6PDN3,13.555832914091075
Q58A65,0.9760408461277099
P62242,105.72272190489836
P0DP26,7.65849123980291
Q6NZC7,0.40191666232211753
Q9CR86,105.0746577093421
Q9EST5,108.97303989985251
Q99JT9,45.19707077081449
Q3U4I7,0.03351969427858292
Q61160,0.8768417912872584
P05063,126.66713180972432
Q8R050,4.030462119063579
O88291,0.19927025937215537
Q63850,1.0420057215896978
Q9R1C7,0.1181053832366663
Q9DBK0,-0.04637997459384524
P47964,73.95838696944197
Q9CQU0,12.510554387804582
Q9D7P6,11.809136833868585
Q9WTL7,61.810487558541475
P50172,0.10882391268226077
P50171,69.66320551666342
P63082,107.02084879820436
Q7M6Y3,60.6173662028566
P47856,11.855603641638817
O88543,5.796567526451173
Q9CQV1,7.65849123980291
O08691,7.479254308821405
Q62383,0.08823324563456936
Q9JJW0,-0.04758186697431732
Q91YP3,25.589827443156263
Q11136,305.84524882223997
Q9Z1N5,85.20374480913611
O89001,0.2339507962466172
Q64520,33.52584766845169
P35762,198.59687263397268
Q8BH69,6.400987934798224
P84089,7.65849123980291
Q8BIG7,24.15361639051113
Q9R1T2,10.330937831395737
P08030,161.7196818196863
P62984,732.6875996833026
P35980,7.65849123980291
B8JJN0,7.65849123980291
Q3UDE2,5.05055320854619
P61222,2.750727003105604
G3X939,0.026753372599838787
Q9Z1Z2,31.899443287803322
Q8K2Q0,42.787872575187976
Q3TKT4,0.05467673888054203
Q68FL4,9.923583320807031
Q9D379,274.0300633841973
Q99KF1,51.7823402244174
Q8BG51,2.8879291471283373
P00848,412.2844684565018
Q6PGB6,5.479727711345773
Q9JLI8,1.4123151276449137
Q9EQK5,234.90773238402124
Q9JJ28,5.796567526451173
Q9WVA3,19.035019090514954
Q8BZ09,0.1387875233280047
Q6PDM2,169.8188678300465
Q9CQL4,5.440400473559573
Q9ESW4,20.019536425077813
Q9CQ65,46.00568365228582
Q61035,12.322599313206064
G5E895,7.65849123980291
Q9R0Q6,75.193839866614
P62911,7.65849123980291
P63087,38.04734210137781
Q8BI08,211.77468685221248
P59279,30.82380214252693
Q8K1R3,1.399110118052275
Q8R574,7.563747582665725
O70404,41.36595700923079
Q8BRF7,4.55333184022542
Q8BHG1,0.1937081666039533
Q8C3X2,14.570701801043496
Q8BFY9,6.605386295837831
Q9WVL3,0.20552448359772368
Q80W21,82.0520783270812
P61164,157.0216675583259
Q8VBV7,14.814837418755
Q61595,69.05335568611557
P16675,98.6276089284088
Q3UKJ7,3.593160066631296
Q6PGF5,-0.04326271865614817
Q80SW1,22.835666832681177
P09041,155.68308218652342
P50543,426.9243189530685
Q8BWY3,8.900402574814846
Q9CZU3,0.6620984809724528
Q9CXT8,27.77092715414866
Q9CQW2,109.62506053279989
Q5SWY8,18.932060752651033
O70439,114.20731239004235
P21460,7.65849123980291
Q61206,90.28945377710727
P12710,1669.086560713393
Q8BFY6,24.206497497596782
Q9CZG3,36.712765066880245
P10107,461.53889465671176
Q8BK08,21.996445789478663
Q8WTY4,3.4854577653540417
Q9JKY5,9.120615896129863
Q921S7,6.976889827387325
O35900,89.65091426762378
Q9JKB1,39.61567908250271
Q99K30,18.47036055275917
A0A140T8T4,7.65849123980291
P62858,102.48901349128035
P57016,4.629107268214579
Q9JLV5,0.8961055918964271
Q91VC3,43.47363639881789
Q5SWT3,0.7361218943057026
Q91X97,8.075208163927252
Q8BMA6,2.220330289151779
Q9JMD3,2.750727003105604
Q99N96,16.950802629434364
Q9WUA2,13.030823557612877
Q99KP6,78.29807901153328
Q505F5,25.857735953639004
O35114,50.041638157602186
O08797,7.65849123980291
E9Q7L0,117.499403343592
Q8BFW7,7.65849123980291
P47963,210.38269349172424
O88545,46.584975449977016
Q9CQ19,476.3548643323812
P31938,11.528967762594739
Q00724,766.1900366527396
Q9CQN6,73.95838696944197
Q64339,1.6218834019796362
P08775,7.65849123980291
P40240,336.6251214489712
O08966,-0.026123211543229274
P17809,30.44897649212103
Q99KK2,16.499678550593526
O55142,107.67089958054241
P19639,7.65849123980291
Q80Y14,48.31170401855071
Q8VED5,19.138100202158125
Q8BU88,21.6835479202944
Q7TNC4,0.9132619363735464
Q9CQ89,41.19595723500388
Q9D1R9,58.24333699566704
Q80ZW2,96.06111769830967
O88544,30.60951615755735
Q64012,45.13940999901642
Q9WUM4,39.84070992259905
O70433,124.04975734047477
P35846,1.3148157948453005
Q925N2,239.13475306829622
Q9EQC8,31.791569962616883
D3YWX2,0.035269628562306865
Q61550,0.42361352808390507
P61110,7.65849123980291
Q62241,11.064513912258418
O35326,10.376435088229867
Q49B93,112.89495516989913
Q6PNC0,0.06361336702062204
Q3TDQ1,3.920177596771552
Q8K4F5,81.42424240701729
Q5SQX6,8.463774510460029
Q9CYR6,2.4810322927788966
Q9WV92,45.081770600500704
Q91YH5,47.73752479301891
Q9JLT2,2.682823828454555
A2A8L5,0.1847913475342362
Q8K0Z7,66.62343049593767
Q9D5T0,11.902115060851001
Q61411,30.71660876594429
Q9Z1J3,10.058938691600636
Q91WQ3,5.244689203017172
Q9WV98,56.47396749920171
Q3THG9,-0.02944305515405332
Q9Z1A1,30.50248250234243
Q9DAR7,10.467572328381708
P35285,10.558900285821654
Q8R420,-0.03200803838486144
P47753,7.65849123980291
P14246,28.731415069702205
O08914,0.5742914693536985
P55937,1.1145546602590897
Q80UM7,2.8534762139111858
P31725,7.65849123980291
P21126,9.164807340381465
Q9D125,20.48939212230651
Q08093,32.2775596195686
Q8BP48,3.4854577653540417
Q9D773,1.2623272570854769
O35435,7.65849123980291
Q9D687,110.27770916848878
Q99LT0,11.902115060851001
Q9ESB3,75.193839866614
P14869,7.65849123980291
B2RY04,0.06871985288045446
Q9Z2V5,6.198040270067421
P27601,41.64961530366027
P55258,61.21339760312744
Q8BGS2,3.2720553495832148
O70378,2.188467982704622
Q8VDW0,28.35712183637981
Q8K2I3,0.02121239148416021
P61967,26.71138966056868
Q9WTX2,15.404606611763224
Q920A5,35.828157412906904
O54941,0.5986275837446648
Q60631,71.49844211424168
Q8R1V4,49.46376902599562
Q91VC4,23.52108702432883
P60904,28.94573993896735
Q9CQI3,41.8767930266884
Q9CWZ7,18.98352298163111
Q99M87,10.650415120288756
Q9Z204,15.207421838110864
Q80X85,13.79591460603413
Q7TQK5,8.463774510460029
Q8BVG4,0.26591755205212686
Q5SSZ5,6.646437635972902
F6Z9R1,7.65849123980291
O08808,1.6504363112817324
P60670,5.2837087156292295
Q922H2,5.716992174885376
Q6DFZ1,0.17983282590322403
Q3U2P1,0.9089696829485676
P28352,148.35076413454655
Q8VHR5,0.07480779876536992
P61924,116.18074082445635
Q9CXW2,34.673365521686165
Q8K0U4,92.85164986358127
E9Q4Z2,0.33530266194426717
Q9CQR6,6.238513024535381
Q9D3D9,215.2602362667472
P56392,30.342047684346213
P16627,73.34209140636983
Q99KI3,4.743264923170233
P15327,82.68072273824112
Q0VG18,121.44086463879215
Q99K01,0.682723756011774
Q91XU3,5.916383969824867
P07310,0.14632058832234396
Q99MJ9,-0.023640551908297502
Q8K4P0,0.08823324563456936
Q9QX47,0.6067020914255516
Q923D5,7.65849123980291
P58501,-0.03024908649571989
Q9EP72,15.503430886749953
P01887,355.7362011369621
O88531,60.6173662028566
Q9EP89,5.205736533499581
Q9Z0F7,13.892224209887942
Q922B1,156.3521608177077
Q8BGC4,14.37608529313849
Q60973,13.940431349154151
P62141,77.0537383475459
Q91XE8,7.65849123980291
P70698,0.2680139891002542
Q6P8X1,28.999380969537707
Q3THE2,286.2708309433119
Q6A0A9,2.4144188161523665
P62983,600.3834049538992
Q9CR67,53.53364587201942
P57784,38.99809772589868
Q99LD8,145.0349627868941
Q8CGY8,0.3268255572564047
Q8CIH5,14.327520030751417
Q8BXC6,24.3652517884559
Q9DB26,19.967437757402717
P48024,7.65849123980291
O35678,26.816970546372215
Q8R2U6,5.5585702906142345
Q9QUR7,7.65849123980291
Q9JM76,220.85359721297465
Q5M8N4,31.953399885507515
P31254,7.65849123980291
Q9ESP1,11.249750845684677
P70460,28.784966508031005
Q6ZWM4,51.7823402244174
Q8VBW8,0.5162509383383225
Q3U9G9,2.5479723217549792
P83940,51.7823402244174
Q14C51,7.690893801963261
Q9ET22,31.360741769248925
O55023,26.92263178761978
Q62470,63.00776911027691
P31230,56.47396749920171
B9EJ54,0.38690768378374085
P35292,6.279045511268349
P62748,40.573730682527675
E9Q1Z0,7.65849123980291
Q8BMK4,74.57570479536615
Q05D44,0.6244009700435196
Q9WUR0,210.38269349172424
O09106,2.447683909343235
Q8CHP8,4.327610415049512
Q924Z4,4.47782309444152
Q8CDN6,86.47031203786429
O54990,6.400987934798224
Q00612,27.77092715414866
O09117,106.37144450266206
O70577,20.85215278637084
P02535,6455.463461001954
Q149F3,0.35667388597660277
Q61559,3.414025283377131
P97930,23.099330422426455
Q61503,2.447683909343235
P61804,46.00568365228582
Q8BWQ6,7.227082095405326
Q8VDG7,1.465842985262193
Q8BH04,1120.5496799687426
O55201,0.16286426849153202
Q8R2Q4,0.006275499903053872
P32261,592.7807160419633
Q52L67,64.81113983102951
Q6ZWY3,38.88602708230443
Q9Z0M5,0.004351194420380011
P58871,0.8275536952465714
Q64704,37.37892937819824
P03953,50.62068325384851
Q8BGB8,-0.00858300601428963
Q9Z2Q5,11.716015355980295
Q9D1M4,42.95913326297678
Q9CQU3,34.12601684771508
Q9QXB9,5.479727711345773
Q9D0B5,7.65849123980291
Q8VDM6,2.615236900714403
O54909,7.65849123980291
Q8C3K6,13.940431349154151
Q9D020,7.65849123980291
P06281,2.7848102961998062
Q8BFQ8,57.6524916828333
Q80YC5,7.01845071382275
A6H694,-0.04758186697431732
Q91V81,1.9389529737085858
Q9CS00,-0.044592050959734286
Q9QZ08,60.02227111304349
Q8VDC0,6.117269308847975
Q01730,326.3244213625707
Q9D0W5,43.989320236364414
Q9JIF0,28.517408788506717
P62715,36.104170064875554
Q9EPC1,177.97430699643758
P56812,21.892038483081393
Q99JW4,-0.04758186697431732
Q9DCB8,5.479727711345773
P19001,330.7337233779509
Q91VS7,244.7866231091131
Q9WTX6,0.34663491589704654
P63073,10.467572328381708
P22599,7.65849123980291
Q64310,45.081770600500704
Q9D114,48.31170401855071
Q8VHX6,10.285483130185495
Q8R429,0.674991637356471
O35683,70.88579510870942
Q8BJU0,11.716015355980295
Q9D517,64.81113983102951
Q9CQE1,7.65849123980291
P27546,7.65849123980291
Q8CCK0,43.13048233113283
P14115,7.65849123980291
Q9Z0Y1,31.253218243238123
Q9Z0V8,-0.007748889035914197
Q04646,81.42424240701729
E0CZ22,0.1937081666039533
P22315,72.11205576204827
Q9CY97,0.02918540270632075
Q91XF0,144.37305948519284
O08600,0.2732281258858096
P12242,-0.04758186697431732
Q8BHG2,68.44446099178387
Q8CFJ7,-0.04758186697431732
Q8BHE8,25.055820900321162
Q9JM14,64.81113983102951
O35988,0.9068233084865522
Q9WVT6,-0.04282179424506405
Q9CPT4,37.99155148241688
O08807,134.49832529442872
P97493,28.999380969537707
Q3TBW2,4.067363614744096
Q9DBZ5,42.331859119819725
P63330,29.321569706249655
Q8C2E7,10.788028401673753
E9PY39,7.65849123980291
Q3U186,0.09193861669472803
Q9D8U8,96.7016236500597
P30999,17.55499110882842
B1AY13,0.1009674368142992
Q7TNS2,13.316671689384554
Q9D154,7.65849123980291
P57722,16.90067334724017
P51880,-0.03394221129592967
Q9CY62,7.65849123980291
Q9CX00,52.36494419944961
Q9WU28,9.833587039061042
Q8BHA3,0.4032741643182014
Q8CC86,123.3967560837683
Q9D1I5,43.75997893876357
Q9DCA2,13.651746038953831
Q9WVK0,12.275705319998037
Q8VC88,10.421980215771875
Q9QXW9,21.52745622189219
O08677,7.65849123980291
P08556,30.23519093401477
P29621,7.65849123980291
Q8VEA4,56.47396749920171
Q99JX4,17.252285490681913
Q6PEB6,4.030462119063579
Q8BMG7,1.3542816520565601
Q9Z108,0.9132619363735464
Q8BIQ5,0.42908743628770196
Q3TJ91,9.430993780516589
Q99LB6,37.37892937819824
Q9CWM4,17.60556358644166
O70152,12.935861010031283
P46935,-0.014038083228453346
Q99JR6,17.353054448506157
Q6PHQ9,2.4810322927788966
P54797,13.699763822246299
Q9CPU4,1219.4519112629303
Q6P9J9,0.5421720312320215
Q4LDF6,7.65849123980291
Q9JIG7,8.463774510460029
Q99JR8,0.14483135989510276
P53996,12.888451383189595
A2A4P4,7.65849123980291
Q8C5W0,0.7656695993791567
P21300,2.81910476627378
Q9DC51,41.252609751933704
Q99JX7,0.30007982525025745
Q9QZS5,0.04180353046137664
Q8VDD9,0.015407291767152387
Q9DBJ3,-0.016391344819131515
Q8CGZ0,0.21996410035735559
Q9DAW6,0.2591007145654578
Q9R0U0,25.643358312369607
D2EAC2,-0.04758186697431732
Q9Z1T1,11.296176223538586
Q91W50,1.6218834019796362
P67871,14.327520030751417
Q9D820,7.65849123980291
P62342,1.6790447989719612
Q91WS4,404.25620518694734
Q9WUR2,186.8706872416213
Q9Z1D1,16.85057625987353
Q8K274,37.601473233370406
Q9D6S7,8.118175542842641
P32921,114.86447556023894
Q91ZV0,-0.025991690076215823
Q9D7S7,0.3268255572564047
P23591,18.98352298163111
Q6GQS1,-0.017266095363755896
Q6VNB8,-0.02273444932522506
Q925N0,15.701507409257932
P12367,63.00776911027691
P61327,24.524249263324464
P83882,7.65849123980291
Q6A026,0.601859475063349
Q8BGD8,16.199273825808092
Q8VCM8,10.604631198280956
Q9D6K8,38.66201042836749
Q8C0Z1,0.09918761085266148
Q01149,72.11205576204827
P28798,0.37866016033815075
Q8BYA0,2.9917598036338107
P24549,1215.3470243487714
Q9Z0N1,7.65849123980291
O70451,2.1566787363362834
Q9ES64,0.7696032167465512
Q9CR09,89.65091426762378
Q8C1B7,96.06111769830967
Q6P3Z3,1.1775672092173073
Q9ER00,46.00568365228582
Q91WQ9,2.220330289151779
Q9DC16,73.34209140636983
Q9DAU1,0.9111158505223385
E9Q735,3.847006709427287
Q6ZQ88,0.34158417070346414
P24668,8.463774510460029
Q8CIG8,4.178486176264564
Q9CR00,37.21217159233646
Q9QX60,4.178486176264564
O88951,0.6731512795945254
Q5I0W6,7.65849123980291
P26645,40.573730682527675
Q9CQN7,11.809136833868585
P56213,0.015896892015038855
Q8C635,7.65849123980291
P51885,979.1756757062429
Q9Z1E4,1.6790447989719612
P11276,231.39315673430625
Q9JK81,14.619454490986147
Q8CHR6,0.21014591213388711
Q6R0H7,43.30200072313353
Q9D7A8,12.182057334946611
Q9CQF4,7.65849123980291
Q9CR88,10.330937831395737
Q9CZG9,44.276323351712705
P59708,14.814837418755
O70456,55.29529104789676
Q99JH8,16.549869886526587
Q9QWR8,12.604788283603275
P22437,0.052092163131425506
Q91VH6,2.615236900714403
Q9D404,3.521286762378441
E9Q4P1,4.067363614744096
Q9CWW6,0.9368591968462983
Q9D5V6,1.4997414852174238
Q8JZR0,0.921844689231269
P58735,0.8939657532479395
P03921,57.6524916828333
Q64449,0.40055816691562085
Q920A7,7.65849123980291
Q9JI48,-0.04758186697431732
O35943,2.38123522051498
Q9QYC0,64.2090224393925
Q9D0B6,22.310345155247997
Q7TSV4,54.70689798148292
O70572,-0.027311287200946333
A0A286YCX6,7.65849123980291
B1AR13,12.182057334946611
Q9DCZ4,64.2090224393925
Q62188,26.76416039977093
Q3TDD9,1.1557428026853112
Q9D7M8,0.25646284869306823
Q9D2R6,71.49844211424168
Q3UWL8,28.517408788506717
P27889,0.04180353046137664
Q9QZR9,9.788658547404097
Q8BH60,0.06942620379610664
Q9DBG5,29.37533365705524
Q8BMC1,2.750727003105604
Q63844,28.784966508031005
Q8BVW0,-0.0472806206766927
Q91VN4,8.856513767868362
Q99J39,24.57729875335188
P34928,225.76450938755494
Q9EPQ7,-0.04713020700437642
P61022,107.02084879820436
P53986,7.310921567105716
Q6NZR5,7.65849123980291
O89020,27.293123720567294
Q9CQV5,5.796567526451173
Q923B0,169.14183761214716
Q8R4R6,0.45777413107867426
P82343,103.78047458441307
Q60710,8.94434759704483
Q9DBB9,1.7651997296906856
Q6PDL0,13.268933934760387
P19221,48.31170401855071
O88653,100.55687698170235
Q99P72,140.4111350680161
Q99KC7,-0.04758186697431732
P56376,7.65849123980291
Q9JLV6,0.21470990909076404
Q9EPK8,-0.015396805647060252
O70591,33.798395467673096
Q8VHF2,19.55174990671747
O88952,66.62343049593767
Q6ZWV7,279.78585453510624
P54823,5.956441540095487
Q8R1F5,7.65849123980291
Q8CHY6,0.06597576978314779
Q8K5B2,6.319633176659644
Q9EQX4,322.6558319464012
P58391,-0.04429580244511733
Q8R3N6,0.1937081666039533
Q9WU01,0.9025302244875251
Q9CY66,5.916383969824867
Q8R3G1,0.38553606428277565
Q64445,32.76495884198145
P61963,2.514462065807371
Q9Z2D8,-0.0438523523476918
Q9JIY2,0.035269628562306865
Q9JLI3,7.65849123980291
Q8BJ05,-0.002986729043579217
B9EJ86,2.316365338060893
B1AVD1,23.626258270585165
Q99L60,1.3200729586022426
Q8VDP6,41.64961530366027
A6ZI47,7.65849123980291
Q9CWH6,49.46376902599562
Q8K2M0,4.104334745446408
P61028,49.46376902599562
F8VPU6,7.65849123980291
Q9CQ48,41.70638455835798
L7N451,7.65849123980291
Q80SU7,7.65849123980291
P23780,59.42827888024178
Q99MS3,0.1357119767592101
Q9R022,0.5329008415511844
P05132,43.24481065922668
Q8R5C5,62.40862593581494
Q9CR98,4.781447969954991
Q8R5I6,16.449520594491144
P47758,30.23519093401477
P56565,252.58763572029432
Q9CZL5,12.841066270435007
Q9Z2G6,1.3148157948453005
Q91WT8,3.956868720107206
Q8K3C3,12.088574152200435
Q80VJ3,334.4141343810705
Q9EPK7,7.946625577143466
Q63961,7.143462478435586
Q8C7R4,3.7377839934638075
E9PXN7,7.65849123980291
Q9JHW4,1.5393936072816494
P56402,1.0054046430516266
Q9JKW0,55.29529104789676
Q9Z0S9,1.6790447989719612
P70452,21.008053329297706
Q8BUV3,4.743264923170233
Q91Z40,7.65849123980291
P28654,263.9936190517465
Q9ERN0,68.44446099178387
O35566,39.784427953611505
Q80ZS3,15.900175195299482
Q811D0,5.5585702906142345
Q8BZ98,1.7651997296906856
Q924C1,0.39101523096072865
P62317,123.3967560837683
Q711T7,0.8768417912872584
Q3UUI3,0.5807977944689187
Q6P542,0.7459804738006846
Q91YN5,0.13102870967052604
Q64191,6.5234531284916
P97310,-0.027576383333820398
Q62418,23.46854234301285
O35226,24.471232894873967
Q3TC93,14.912751169166377
Q9CQY6,10.104154518412614
Q9WVQ5,12.888451383189595
O08539,26.287634896140204
Q9CQL5,11.762704857808256
Q9DBC0,1.2091138836288917
Q3TWW8,23.310742084358534
Q8C8R3,1.0564877032409639
Q8VEE0,0.5628759797455485
Q9CQ06,5.128018636760935
Q924D0,4.104334745446408
Q9R269,3.0613711406011674
Q9CR99,7.65849123980291
Q99KD5,1.0372543565200076
Q9QZ73,7.65849123980291
P60605,0.2690597645013171
Q80SU6,3.593160066631296
Q9JMA1,25.322517615914386
Q8BIL5,0.5162509383383225
Q99LD4,8.55069305669283
P62073,14.912751169166377
Q99N87,1.3674554952127371
Q8R5F3,4.440169760011879
P62627,45.19707077081449
Q6IFX2,7.65849123980291
Q8C0E2,3.236749788130912
Q3ULF4,2.8534762139111858
Q9JKX6,82.0520783270812
Q9DB16,4.215664575989996
Q921J2,20.69650496296722
Q9ES56,2.7848102961998062
Q8CIN4,4.743264923170233
P17095,7.65849123980291
P84091,42.04734973928985
Q9JIQ3,108.97303989985251
P70691,7.65849123980291
Q9D110,13.651746038953831
Q8K3A0,2.2842793790282268
Q9QYG0,22.99378813589193
Q76I25,7.65849123980291
Q6A028,2.2522690606442675
Q9D0A3,2.716736390484257
O54879,6.117269308847975
Q921L8,0.15722736224163825
Q9CXU9,9.032381692998749
Q9DCU6,6.036736363874527
Q9CQW9,7.65849123980291
Q5SSH7,0.14483135989510276
Q61881,-0.03904487273051804
P09925,8.988339625902508
P62077,1.5933850130465648
Q80YD1,0.528370542787792
P54227,9.120615896129863
Q9D6M3,5.99656018646807
Q8CI51,63.60785607782762
Q8BH58,7.185244141766065
Q9D1H8,16.750490468636524
Q6WVG3,82.68072273824112
D3Z5F7,7.65849123980291
E9Q236,0.7637027425835188
Q3UBX0,72.72661299329461
Q8R035,9.342068965275686
P04186,38.66201042836749
Q9ERG0,5.716992174885376
Q9Z0N2,10.880007198427508
Q3UMF0,1.034879400280151
Q8VCA0,7.65849123980291
Q99J77,57.06269375205786
P61290,12.463508796761815
D3Z7X0,7.65849123980291
Q9D7N3,5.716992174885376
Q80XL6,19.448139802655763
Q9D4E6,4.290227195352079
Q64133,283.38615106205407
Q6IFZ6,69.66320551666342
A0A1W2P6N8,505.3881206984141
Q9CQ71,22.415188417834624
P12246,360.77399639640646
Q9EQG7,-0.04758186697431732
Q8K3X6,1.0564877032409639
O35082,-0.044443876708815666
Q9CY73,7.989433245137267
P46737,4.781447969954991
Q80TL7,0.14031177045794196
Q61767,7.65849123980291
Q9DBD0,7.65849123980291
Q8CG71,-0.03534528114091895
Q9D338,10.285483130185495
Q9WV54,166.4372789476411
Q9D7X8,102.48901349128035
P50295,7.65849123980291
Q8K3M1,7.65849123980291
A6H611,5.401135338100991
P16254,75.193839866614
Q9R0P4,7.989433245137267
Q9JHE3,-0.04758186697431732
Q62165,23.836906027441998
Q8BVQ5,4.327610415049512
Q08091,98.6276089284088
Q9D945,-0.04758186697431732
P22361,-0.017266095363755896
P51612,0.11560760421827831
Q9DC33,0.0003196941525422936
Q8BUG2,-0.009181145217138864
P24788,-0.04758186697431732
Q9Z1B8,-0.03962081959872843
Q61474,0.0806515957528029
B2RXQ9,5.244689203017172
Q8R3D1,4.327610415049512
Q99JF5,0.27737204762953227
P62311,14.424681650622551
Q9D0J4,41.933617186761246
Q9CRD2,7.521474581037918
P22907,0.6195826938163127
P29595,65.41425930372455
Q920E5,35.05749160359181
O35343,7.268971610590272
Q80SZ7,7.65849123980291
Q9JKL4,17.101388410922564
Q9Z210,18.67523466783984
P61082,43.47363639881789
Q9CXV1,48.887128894747306
Q8K009,16.049564687356142
E9Q0S6,40.1787140418411
Q99K85,229.28142653355587
Q8BK72,15.010822852730048
Q99J47,15.305939947565008
P53995,-0.036759260614518396
P70414,-0.0035204131292406737
Q9JIA7,-0.0046836604003037685
Q9D0Q7,5.128018636760935
Q3UMB9,4.290227195352079
Q3U0V1,36.21467540313384
P07091,148.35076413454655
P03893,7.35292155353193
Q6EDY6,0.08541736559577218
Q9CRB8,13.651746038953831
P17918,26.60588367744568
Q9DBN5,0.1781646314989742
Q9D8P4,6.319633176659644
Q9CX34,12.746437133654947
Q91V12,20.748361501426672
P06797,7.65849123980291
O35250,0.2804642230117176
P62305,7.65849123980291
D3Z5G7,7.65849123980291
Q80UW8,9.968652178387442
Q9CPQ3,73.34209140636983
Q9WTM5,29.10668701195645
Q9CR24,7.65849123980291
Q9DC71,3.956868720107206
A2AQ07,17.00095370818118
Q9CPS6,15.109052356113306
Q99L45,5.5585702906142345
Q3V1L4,0.5532645720604854
Q6IME9,1.233966511469688
Q9Z0G0,7.648458445904955
Q9D1B9,5.63765976518775
Q9CPY1,0.8704175224402682
P05533,7.65849123980291
Q8BHD7,9.52011720619796
Q08481,11.203373462042997
O35127,0.11560760421827831
C0HKG5,7.65849123980291
Q99JB2,116.18074082445635
O08759,0.3504092934976917
P28663,5.63765976518775
Q3KNM2,6.279045511268349
P08074,7.65849123980291
Q3UHX2,19.39639362790435
O35153,-0.001393332304342021
Q3B7Z2,3.1663699585202894
Q8CCH2,6.646437635972902
Q8R151,-0.04106875566731816
Q61490,2.8534762139111858
Q32MW3,16.399401330909086
Q8R395,11.762704857808256
Q05421,-0.03024908649571989
Q9D7N6,5.440400473559573
Q8C5W3,0.49338240619471874
O35490,7.65849123980291
Q8BHH8,17.656161241055674
Q80WJ7,3.0613711406011674
P62746,32.331660584042865
A2AWA9,0.5147319636119605
Q9CQ43,38.38239329254378
Q922E4,26.126229095207208
Q9QZA0,0.5807977944689187
Q9JLB9,-0.04758186697431732
Q91ZE0,7.65849123980291
Q8BZB2,0.04705869584519129
O70579,-0.014284331438361497
O88712,10.788028401673753
Q8VE47,2.581564669653909
Q9D5V5,2.9917598036338107
P57716,5.716992174885376
Q9WTQ8,1.4799574372022541
Q9CZX9,2.2522690606442675
Q9CPX8,8.7688818859348
Q91WJ2,7.65849123980291
Q8CFE4,0.07083290303676226
O88833,7.65849123980291
B8JJ69,1.2492290018199372
Q9D1L0,14.961773028461891
Q8BFS6,66.62343049593767
Q8CJ61,0.44434650882856896
P28867,0.5645090438431482
E9Q411,0.31088149843106905
Q9EQS3,10.558900285821654
Q9ESW8,18.3170536298734
P97390,3.0613711406011674
Q810A7,0.9068233084865522
Q9ERI6,9.209046026185328
Q8VC97,45.947864126424435
P25206,-0.03105877037011817
Q8K2Y3,120.13964186817861
Q8BMJ3,66.01832528534383
P00416,168.46507189297395
P35330,2.4144188161523665
P56393,58.83527253614861
Q9WV32,88.37626080530694
Q9DAI2,0.0007131377904905367
Q924T2,17.101388410922564
P08207,579.1225722378624
Q920B9,0.6390462372280752
P61202,17.960484721468468
P49718,-0.03534528114091895
P0C8K7,28.677894743143575
Q62086,12.135297477968097
Q9QZH6,0.25646284869306823
Q14DH7,77.0537383475459
Q9D646,8.594231330668398
Q9Z0K8,6.893938643501248
Q9EPB5,-0.04758186697431732
P47968,1.9098626648229322
P97370,10.194723625970903
P54923,0.4387951960351968
P28658,1.3911915430171975
Q64436,11.6224032005291
Q3TCH7,0.5344091849959001
Q78ZA7,29.59058873345263
Q09324,-0.04758186697431732
Q7TNE1,24.630360007304528
Q9D1E6,21.008053329297706
P47941,21.060079238233843
Q8R1S0,8.118175542842641
Q8JZS9,29.10668701195645
P11438,126.66713180972432
B2RXC1,0.3365121057098397
Q61581,63.00776911027691
Q8VDC1,0.30225146929363
Q9CZ83,0.36290646632859924
Q91VF2,112.2396374645755
Q8BGX2,4.47782309444152
Q9WVD4,0.10185262700960185
P13864,-0.027046627892972963
G3UWD9,11.575664290574094
Q9DB76,-0.0435572691810564
O35657,0.7774659016587138
Q9R059,9.968652178387442
Q9JLT4,41.933617186761246
Q3U5Q7,2.030280309451537
Q920D3,-0.0316005874266313
Q3THF9,1.7077089989136787
Q8VCZ9,169.14183761214716
L7N466,7.65849123980291
Q99LI7,0.2339507962466172
P35290,4.781447969954991
Q8BMS4,3.131293652768287
Q80UG5,22.677781636300985
Q571E4,1.1630161496126816
Q6NZJ6,1.5933850130465648
Q9R190,0.44883164964268984
Q9CYI4,0.14780135697006203
A2ASQ1,244.7866231091131
P27612,1.5933850130465648
P09542,18.47036055275917
Q8JZS0,17.909684557580636
Q9D7G0,26.658620525369212
Q8R1I1,132.53572755251008
Q61584,0.8275536952465714
Q05CL8,7.65849123980291
Q9R0Q9,61.21339760312744
Q9ESZ8,1.3148157948453005
P15947,7.65849123980291
Q9D8Y0,31.145760798038232
Q07456,290.6055784729679
Q6KCD5,-0.03268922054600698
Q9Z2K1,296.3987102884117
Q8VD04,0.7676367087940033
Q8BS40,1.0758328274940427
Q99N92,1.1533188179461802
Q91VH2,11.669183673140497
P06795,7.65849123980291
Q8K2T8,0.1164429667398561
Q8BTZ7,15.059917605892736
O08917,96.7016236500597
P70388,5.128018636760935
Q9D7A6,12.983328840532623
Q9CPU2,2.9224607767448156
G5E870,0.0005820699915342065
Q9JL62,36.768198030576976
Q8R317,3.920177596771552
Q91YR7,0.5071233765167513
Q8VEB1,-0.03534528114091895
Q8CCF0,0.39783745022802
O35451,-0.04758186697431732
Q91Z49,0.06133197787201161
Q8BGT7,1.5933850130465648
Q9D903,0.00018842050217160455
Q9ERA6,-0.02029780157732297
Q2KN98,0.1357119767592101
Q8BTS4,1.3648199055131829
Q91VL8,0.566141235006701
Q60596,0.1278585588285701
Q8C9B9,-0.04005398802020366
O88874,0.043605624899863304
F6S4B9,-0.016391344819131515
F7AA26,7.65849123980291
Q8K0H5,-0.0008647654161215712
Q9JHJ3,-0.012811626500556783
Q8CIM3,13.221230442647121
Q60931,7.65849123980291
P59017,39.11025205505568
Q8BPB0,6.935385348789262
E9Q1Y9,7.65849123980291
Q9Z0V7,2.750727003105604
Q61578,7.65849123980291
Q9DCN1,0.24216719327441982
Q9JI46,0.8575650234761225
Q61102,3.414025283377131
Q9ERR7,18.113107424110122
P62838,26.86978934329697
P58774,760.7246833583268
P83870,13.17356971610873
Q3UJU9,5.677294295060822
O35744,7.65849123980291
Q61753,92.85164986358127
Q14CH7,0.9518661683877734
Q8BJZ4,6.8525478332499326
Q8C166,7.65849123980291
G3UXL2,7.65849123980291
Q9D142,0.6676271095937172
Q9D1J1,2.615236900714403
Q921L3,27.399159237342978
Q99MI1,1.1218200807332988
Q9R1Z8,33.36252974477453
Q9WUP7,8.247383220220556
Q921X9,4.104334745446408
Q9CZ04,18.726526535999483
Q6WKZ8,-0.03436202110501785
Q61553,51.7823402244174
P11589,7.65849123980291
Q9D8Y1,33.25372325733387
Q9JHL1,332.9411651423456
P0CG49,244.7866231091131
Q9CYG7,1.1824186155208496
G3X9G9,7.65849123980291
Q61781,453.4116780211274
Q9JL56,0.16563829620439607
P46061,2.447683909343235
Q9CQA1,11.064513912258418
Q9DB73,210.38269349172424
Q9Z1W8,10.058938691600636
Q63918,22.46766113784749
Q9DB27,7.65849123980291
O09126,0.09285638767121296
Q6Q477,2.615236900714403
Q8BFP9,0.18149336930952464
Q8BJ03,2.2522690606442675
Q80X95,9.743780723460496
Q3TRM4,1.0951886837115907
Q8BG73,91.56897889754939
O08582,0.8296982280382685
Q9D4H8,0.2957192979186072
Q9CX56,38.77399750978582
Q9JKB3,2.9224607767448156
Q9WVB0,15.999730916497313
Q91WM2,12.088574152200435
P58321,7.65849123980291
P61294,3.956868720107206
Q9ER88,13.555832914091075
Q8R1F1,3.131293652768287
Q9ES97,7.310921567105716
P63323,7.65849123980291
Q9EPN1,0.07871909163245072
Q8CI78,6.605386295837831
Q9CZJ2,5.205736533499581
O35382,1.4602014897050846
Q80X76,7.65849123980291
P40630,60.6173662028566
Q9CZP5,12.369519497973426
Q9D0M1,1.7077089989136787
F7BCN0,7.65849123980291
P46656,26.816970546372215
Q6ZWU9,7.65849123980291
Q4KML4,64.2090224393925
Q99JX3,1.8808246422931534
Q9Z2W1,0.5147319636119605
P06467,184.12684770153842
Q3UEI1,7.65849123980291
Q8BGY7,6.976889827387325
Q9CRB2,7.563747582665725
O89051,4.781447969954991
P53808,5.05055320854619
Q9CRC9,54.11972221265288
Q61301,2.0933277978117606
P68181,18.777865256968102
P61957,99.2710132583655
Q91YN9,2.220330289151779
P50446,357.8944051842063
P39053,0.3882779936504137
Q923G2,5.0119153768173526
Q9D868,7.65849123980291
Q91YD6,0.25025631444186147
Q8BU14,4.178486176264564
O70481,0.052848879953340866
Q3URE1,22.572655497682913
Q6PAV2,0.6099265539737453
Q8VED9,10.650415120288756
Q91YR9,808.4859661129701
Q9JK23,3.236749788130912
Q64455,0.22070865392896244
Q9D7S9,24.471232894873967
Q924L1,0.4533074810592823
A2CEK7,7.65849123980291
Q922D4,0.06709743501557641
Q9JLZ8,0.1847913475342362
P00342,16.099422508797275
Q8R104,11.855603641638817
Q64674,4.7051461293992265
P58137,5.956441540095487
P46978,19.655471107011373
P70697,13.17356971610873
Q9JHK4,5.876383412990393
Q99N93,7.268971610590272
Q8R081,142.39018101367037
Q8CBW3,4.178486176264564
Q80ZS7,7.65849123980291
Q9JHQ5,18.932060752651033
Q91V61,43.645410073672466
Q9D1N9,10.376435088229867
O70274,2.581564669653909
O88967,0.37048810915364294
Q6P4S8,0.008815293429547344
P11627,0.6866888966826268
P61079,7.65849123980291
Q7TSQ8,11.389161002323196
Q9DBS1,29.321569706249655
Q921Z5,-0.022992848079414707
Q99N95,6.728709821385989
P17426,20.800234270417775
O35728,7.65849123980291
P00158,38.21480587169885
P07744,41.252609751933704
O35841,10.558900285821654
Q8K2I4,0.1164429667398561
Q9D7K5,-0.04758186697431732
P13597,49.46376902599562
Q91W63,0.7656695993791567
Q68EF0,-0.012079694660233065
P04938,7.65849123980291
Q9Z1R2,5.361928847218523
Q9Z1K8,0.06392280681793583
A2AKN9,7.65849123980291
P02762,7.65849123980291
Q9QZX7,0.08256898964108972
P49615,3.956868720107206
Q9D1G5,5.796567526451173
Q8BMP6,2.9917598036338107
Q9QZB7,4.743264923170233
Q80VR3,-0.04758186697431732
E9Q9P8,7.65849123980291
Q9CQF9,236.31552841902746
Q9DC23,0.06841647787970007
Q9Z331,7.65849123980291
Q9D8B3,26.180011710433888
Q8VI75,1.3332225305276921
Q9CZ28,3.4854577653540417
Q9R0M6,10.69623520114837
Q9R0A0,0.08256898964108972
Q8K337,-0.034221969466788016
Q61247,27.13420995074125
P60762,0.20162819633806506
P56375,15.453996494775886
P17183,153.67826183789424
Q920Q4,1.4714870717690394
Q6P5D8,0.07871909163245072
Q00519,0.13955068231879553
Q9QZ23,11.01831989409605
Q8K5C8,7.65849123980291
Q9CQB2,-0.04758186697431732
E9PVN6,7.65849123980291
Q59J78,55.29529104789676
Q9ERE2,7.65849123980291
P58059,0.15508198159227637
P52479,0.7774659016587138
Q9QYF1,82.0520783270812
Q9CQD4,7.65849123980291
E9Q0B3,-0.04758186697431732
P35235,6.646437635972902
P20060,116.18074082445635
Q8CEI1,4.402581717487121
P21271,0.22070865392896244
P39447,73.95838696944197
Q9CQF8,3.4854577653540417
Q8K0C9,16.549869886526587
Q6PER3,1.1024497460782587
A0A087WPY5,7.65849123980291
E9Q612,3.956868720107206
P27005,272.5931242697155
Q9JI91,93.49411009553451
Q80WC7,0.12625865457530905
Q91XD6,2.750727003105604
Q9WVJ3,114.20731239004235
O08663,2.750727003105604
P28063,43.016231950313646
O89112,72.11205576204827
Q9DCS1,-0.04758186697431732
Q9WUK2,51.200952516820834
O88909,42.673789898521434
Q4VAE3,1.0564877032409639
Q3U487,0.32366089077592397
P97333,1.7651997296906856
Q99KN2,1.8229059476170257
P00015,7.65849123980291
Q01341,-0.044592050959734286
Q62448,1.012180423664721
Q9WU84,16.349316490952845
Q8BHC4,4.629107268214579
G3X9Y6,7.65849123980291
Q8CGA0,10.926068963472774
A2AKG8,0.13338099038730666
Q9DCX8,2.2842793790282268
Q91ZW3,0.37451986191181974
Q63ZW7,0.17311276267876408
Q8BGZ7,60.6173662028566
Q3TZZ7,2.1566787363362834
P97290,292.7763717798923
P60764,36.601977957554986
Q8CGA3,2.682823828454555
Q6NSR8,6.976889827387325
Q99MD9,0.2891347433772571
Q8K0H1,1.9680945678619048
Q8K2C6,16.29926660701768
Q9CW46,0.19450800773450805
Q91WJ8,25.322517615914386
Q9D4H1,0.5840462503299502
Q9CQP0,12.888451383189595
P50637,17.858916969005584
O08692,7.65849123980291
Q8K4M5,24.25939270968877
P04104,9258.622158480219
D3Z4S3,24.57729875335188
A2ADY9,-0.031194036981752604
Q9QYF9,0.1756476814454213
P43247,0.9497225377930694
Q9Z1Y4,8.7688818859348
Q3UHD6,13.125952395445271
O70423,146.35997704881203
Q99N84,9.342068965275686
P60824,40.40431852263011
Q5EBJ4,1.2570869425832658
Q60676,9.788658547404097
Q3TL44,0.4785711004203701
Q99P30,-0.04005398802020366
Q9D289,2.615236900714403
O35206,15.453996494775886
Q7TQK4,0.38690768378374085
Q9Z0P4,4.402581717487121
Q8R2Q8,39.84070992259905
Q70FJ1,0.04461333613347995
O35598,7.101737307653092
P70671,-0.008941664217672063
Q8VC28,7.65849123980291
P97861,7.65849123980291
P45377,7.65849123980291
O08585,626.3076491502542
Q9QWL7,83.94050106550853
Q6P9R2,18.266012033164237
Q9Z2X2,25.162432313191413
P54726,14.668239406217738
Q5PRF0,-0.044443876708815666
P42925,45.77439539500298
Q80UM3,0.12865476436990408
Q9D0L4,0.01638542058095882
Q64518,1.233966511469688
O70318,26.2338112544417
Q8K0Y2,7.65849123980291
Q9EP71,9.698954487403725
Q922H4,15.949935793916104
Q61103,0.204748557065227
Q78XF5,5.3227880691665925
Q60739,0.7262543005201347
E9Q3G8,0.04739025393990981
Q8R0J8,3.6292063664661462
P49222,7.394977094521176
Q64008,0.6584098654425949
P06802,10.013773962360133
Q8R0G9,0.7183531709552919
P98200,-0.046829741748346976
Q8R001,1.9389529737085858
Q7TMC8,2.1566787363362834
D3Z0M9,0.2430720946201792
Q61164,0.21319489550782023
Q9D8X2,8.594231330668398
Q8CGC6,-0.028107742764143073
Q9D1C9,-0.03380252973856024
Q9D7W5,-0.04296862743811103
P51949,-0.03690129051164304
Q8VE09,-0.04758186697431732
P09036,-0.0063277910787447045
Q8CJF7,-0.023770347622587895
A2AJT4,-0.04758186697431732
Q9JM93,0.020015459975310623
Q9WTX8,-0.008344282104505996
Q8R3C6,-0.02890775274954882
Q9D9M4,7.65849123980291
P23708,-0.04758186697431732
Q6A0D4,7.01845071382275
P97868,-0.03761299984769828
P97863,0.040670227923846
Q2VPQ9,7.65849123980291
O54790,-0.04758186697431732
Q8C152,-0.026123211543229274
Q8BGW0,0.04089729333468872
Q4G0F8,-0.000996843383999746
P28659,0.5040734375521858
Q99LN9,-0.020170443820119233
Q8K1K4,-0.04758186697431732
Q9D937,0.0982929361438003
Q9QWH1,0.10882391268226077
P24063,-0.04752156487675463
Q91YY2,-0.0472806206766927
Q8BYU6,0.2457777615460921
Q8K0L9,0.07382010855595178
Q9WU40,0.07968724517932446
Q7TPV2,-0.012323382038225694
Q9DBU0,0.1278585588285701
A2BH40,-0.03268922054600698
E9QAN9,7.65849123980291
Q61624,-0.03408201351241724
P60003,0.13181521166635068
Q924H7,-0.0035204131292406737
A9C496,7.65849123980291
O54724,122.09224805491402
P18608,36.768198030576976
Q8VEJ9,6.935385348789262
Q921Y0,9.878562286444895
P97311,-0.035486170965366326
P70172,-0.04758186697431732
O88983,7.563747582665725
Q8CGV4,7.65849123980291
Q9ES00,-0.020680329961120902
Q8BU31,5.63765976518775
Q63739,7.65849123980291
Q9ERB0,2.682823828454555
Q9JHS4,2.030280309451537
P97313,21.579457977283724
Q9DCG9,2.9224607767448156
Q9R1T4,18.215015640390977
Q8BYZ7,0.14853859647370204
Q9CWU6,3.557186794832446
Q9JK53,482.2954256870119
Q61765,7.65849123980291
Q9CWE0,1.0054046430516266
A0A0N4SUH6,7.65849123980291
Q921E2,0.878982784348928
E9Q3H6,0.045727969201129204
Q9QZQ1,0.556426435917017
P56873,0.4785711004203701
Q99LG2,0.37451986191181974
Q9Z211,-0.03818436800050595
P13439,6.036736363874527
O55028,7.143462478435586
P21958,0.09193861669472803
P84075,4.743264923170233
P29387,42.331859119819725
Q9D906,0.09193861669472803
P60521,1.8518384141431108
Q7TMR0,28.624373180851165
Q8CHW4,0.32787778307808013
P29351,0.5298815674135462
P70303,0.2093797500324075
O88668,9.342068965275686
Q9WUB4,12.651960305785304
Q9DCV7,246.202611722546
Q9ERL7,4.402581717487121
P56371,6.441750986500806
Q9WVA2,7.65849123980291
O08915,18.98352298163111
Q8QZY6,25.21577196212831
Q6IMF0,7.65849123980291
Q3UVL4,7.65849123980291
Q3TPX4,0.680740876473745
Q9D6K5,19.448139802655763
Q8R0X7,0.04936972867449829
Q8VDQ8,0.6373577291656882
Q148V7,0.17226369566843713
Q05909,7.65849123980291
Q8BXV2,2.750727003105604
Q6A009,-0.012445304837718996
Q8R127,34.01674395985594
Q61390,7.060066632095145
P62806,7.65849123980291
P61226,11.110752511579056
Q91VC9,23.995150650242135
Q6ZPJ3,0.03163855554066042
Q9DB25,12.041898889046644
Q9ET26,0.0021495872074139832
Q8VBT9,0.35417185453419164
Q3U0S6,0.38278939708449333
Q9CQE3,6.482574239466847
P0C0A3,9.833587039061042
Q9DBS5,1.4334626625365434
P49817,158.3618900505786
A6H6A9,-0.009181145217138864
Q60872,7.65849123980291
P54116,226.46721575688954
P63024,73.95838696944197
O35465,7.989433245137267
Q9JKY7,7.65849123980291
Q9D1G2,45.02415267505904
Q9DBC3,0.1009674368142992
P42567,0.7538605941988163
Q925F2,8.204259206320232
P36993,1.2754349579136255
P13595,0.07968724517932446
P61148,4.104334745446408
P17665,92.2099245213221
Q8CF90,-0.04758186697431732
E9PV04,7.65849123980291
Q68FH4,17.353054448506157
Q9EQC5,0.14483135989510276
Q9D8W7,167.78877422435767
Q9JKP5,1.3463812581111831
Q99LS3,9.52011720619796
Q32Q92,-0.04758186697431732
Q8BFR4,36.26994912584241
Q9CQA9,12.228867452149823
O35083,9.968652178387442
Q9WU65,5.5585702906142345
Q9EQ80,23.046540977999566
Q9CX80,0.9918524274681915
Q01339,348.4496034680921
Q8BIJ7,1.3648199055131829
Q6NVE9,0.1912981620573897
P58021,8.377062694116649
P32233,7.733381554602728
O88325,20.176040783309112
P17047,49.46376902599562
Q9CRA7,7.394977094521176
Q8R1Q9,46.00568365228582
Q8R3F5,2.7848102961998062
Q9CQ10,1.6218834019796362
O70310,1.4361075506559104
Q9CQL1,7.65849123980291
O08601,6.811211097197911
Q921W4,1.7364273129198335
O54950,40.1787140418411
P61600,-0.02998001783111426
Q9DCW2,7.65849123980291
Q8BGR9,5.876383412990393
B1AR17,-0.020043204000816828
Q80VD1,4.8196987642643805
P43277,366.5407281713883
Q9CQ02,35.4424127288628
D0G895,7.65849123980291
P58064,18.113107424110122
Q8K021,15.2566598105189
Q6P2B1,0.3268255572564047
P42225,6.360281489119636
Q8VCL2,6.5234531284916
Q8BGI5,0.20319167921391967
Q8R180,14.036971696479457
Q3TTY5,3259.936790004057
P23249,0.601859475063349
Q9D287,2.7848102961998062
Q811U4,0.0955895023717892
Q9Z0H8,0.016872893137166445
Q6NZB0,19.138100202158125
Q8CCM6,2.581564669653909
Q8BGV3,14.424681650622551
Q8VDT1,0.3666308835268879
Q61151,0.2869281428058168
Q9JIG8,13.316671689384554
Q9QXK3,1.18969751602111
Q8CBY8,6.076974239633644
Q9DD02,0.09377076435119602
Q07797,200.67529036038286
Q9WV60,0.20162819633806506
Q8BYL4,2.648990316814103
Q3UQ84,3.4854577653540417
Q8N7N5,0.06484879837338098
E0CYC6,7.65849123980291
Q8K2T4,0.271147055971235
Q9EPE9,0.4304776288166454
Q78PG9,0.6276094620566823
Q80Y81,0.1781646314989742
Q9D1J3,5.2837087156292295
Q8K449,-0.04743118219552411
Q5BL07,1.3305921049888765
A2A8L1,0.018812031118297323
O35448,-0.04758186697431732
Q9DB43,0.4770845010739757
Q8BGB7,33.36252974477453
Q99L43,1.7651997296906856
Q8VBW6,4.896391504853254
Q8VE62,0.4429396694167369
A2A432,0.7064904194701296
Q9QZM0,1.4969133917644974
Q91W53,0.36788653740807
Q9D8C4,0.3653906240476694
O35379,0.0591339376436697
Q6PD03,0.1387875233280047
Q6PB44,1.1581671465185526
Q8R2Y2,12.841066270435007
P70699,19.967437757402717
Q9D1X0,0.4318666189889211
Q8BI84,7.65849123980291
O08912,-0.00990146619309129
Q8CFQ3,0.06278626389864761
Q9R0K7,0.2847154011886579
Q9WVC3,5.956441540095487
Q91YM4,7.268971610590272
P70677,0.6099265539737453
P03899,37.93577645194169
Q9CY18,-0.0007328757025428789
Q8VCM3,0.6547194433806123
P53702,0.2804642230117176
Q91Y63,52.36494419944961
Q9QUJ7,13.699763822246299
Q99JY8,2.316365338060893
Q6NT99,26.816970546372215
Q9D024,6.687544908950727
Q64378,14.473312673849309
Q8BJ71,1.083089991861757
Q6ZQA0,-0.01928158842430172
Q8BGS1,2.8534762139111858
E9Q4X2,0.09739509256253664
A2AIV2,-0.032416446674181754
P97393,0.09468177448677073
Q64444,28.731415069702205
Q9QY96,0.26085201386108925
Q64FW2,5.361928847218523
Q792Z1,7.65849123980291
Q80TE0,-0.03105877037011817
Q3URS9,0.7577985413839086
P35283,2.514462065807371
P35123,0.09009283772982224
Q3TDN2,3.3784200829111137
Q3U0B3,12.228867452149823
Q05144,60.6173662028566
Q78RX3,-0.04758186697431732
Q61074,1.4096734169308132
P54731,0.25469706772260015
Q78JE5,1.0516530828702093
Q9JM62,7.65849123980291
Q9JLI0,7.65849123980291
Q80ZX0,0.9895937483481505
Q9BCZ4,0.04750064088997763
P62257,14.278999118972452
Q6PGC1,0.21621876069219126
P51655,0.21921803477112478
Q9ES74,0.6639418677306483
Q9R0E1,0.11975702007399991
P63044,56.47396749920171
P97324,7.65849123980291
Q8K3K7,0.13181521166635068
Q5FWI3,0.07774714688959228
P70419,-0.02930909277671656
P47811,2.716736390484257
Q9JIX0,11.902115060851001
Q9JMG1,27.452200968126938
Q8VEE1,9.52011720619796
Q8BWG8,6.893938643501248
P05622,1.9680945678619048
O55057,8.7688818859348
P97298,35.002573184061056
Q7TNP2,6.319633176659644
O55102,0.9805585203216878
Q8BG67,0.2529251704071207
Q61820,7.65849123980291
Q69ZR2,7.65849123980291
B5X0G2,7.65849123980291
Q62029,7.65849123980291
P60202,-0.0384707743806908
Q9CRT8,0.21091056531645092
Q9JKF7,14.133666444016715
Q3UHJ0,0.48746949797768147
Q3UMR5,7.690893801963261
P52795,19.8113097277882
Q9CYA0,7.65849123980291
Q9JJL8,4.215664575989996
P15945,7.65849123980291
Q9R1Q6,0.6292128974766145
Q60770,1.9098626648229322
O09051,-0.04758186697431732
O08739,-0.03092359293533753
A6H6E2,2.447683909343235
P98192,-0.015769090469388236
Q99LR1,1.5308866115449677
Q8JZY2,5.916383969824867
P03903,7.65849123980291
Q99M01,1.4546330344136584
Q9DCT1,19.08654865708911
Q9CYK1,6.198040270067421
P11859,95.42126414048666
O08528,0.34915255509315
O09114,107.67089958054241
Q91YY4,19.967437757402717
Q6P8I6,0.5856695530855913
P97352,78.29807901153328
Q9D7M1,0.3098075962833464
Q99J09,16.85057625987353
Q3SXD3,9.788658547404097
Q9CXJ4,3.6292063664661462
Q64430,-0.03450215181590577
Q9CR41,0.3365121057098397
Q8CBA2,0.029645681454730788
Q5XKN4,9.654169055785808
Q9R078,9.609440045423959
P70206,0.03305078962926311
Q9ERY9,0.12302850550642042
Q8R3B1,3.0613711406011674
Q9D0L7,14.912751169166377
Q61830,4.067363614744096
Q62095,7.65849123980291
Q62087,-0.04503735331184422
A2ANY6,-0.041943132444491105
Q8C4V1,0.057127828744457654
Q3V460,-0.04758186697431732
Q505B7,0.34158417070346414
Q80V26,0.29462547870177813
Q91XD4,407.903346240561
Q8CG47,0.020015459975310623
Q9CPW3,3.0962933895272924
Q8VEK0,1.3305921049888765
E9Q8I5,7.65849123980291
Q9DCE9,7.65849123980291
Q6PD26,0.14333351349474022
Q9CXW4,157.69158360375158
Q91ZR1,2.957072090735439
P43025,62.40862593581494
Q91VE0,0.037237353433702935
Q6TEK5,-0.032966488085214296
Q60575,0.02157022001341069
E9PZ36,-0.04758186697431732
Q6KAR6,0.32787778307808013
Q505D7,7.65849123980291
Q9CQ49,2.4810322927788966
Q9R1Q8,3.7377839934638075
P63011,0.5162509383383225
Q9D6L8,8.032294501807522
Q8K1X1,0.2924336917975905
Q9JKV1,18.67523466783984
Q9CQJ6,34.235350249987604
O88307,0.2599770110252928
Q99LJ6,-0.018019269401993165
Q3UJB9,0.052524838880636304
O08738,5.796567526451173
Q5NCF2,0.6131482996729978
O09012,0.03187453724964873
Q99J56,4.327610415049512
Q9D1L9,25.162432313191413
P47915,34.673365521686165
Q6P5H2,418.1339483102084
Q5ND34,0.2591007145654578
Q7TSH2,0.8704175224402682
Q66JS6,7.65849123980291
E9PVW0,7.65849123980291
Q8BKG3,0.1649475170478074
Q5DTM8,0.05456963016120642
P28738,0.33106116314722533
P63213,15.010822852730048
Q922Y1,6.400987934798224
P97927,3.6292063664661462
Q9CRB6,92.85164986358127
Q8BGG9,7.65849123980291
Q61897,7.479254308821405
Q99LI8,7.65849123980291
Q9CZR2,0.1181053832366663
Q9JJH1,6.400987934798224
Q6P1F6,12.088574152200435
Q5SRX1,7.648458445904955
Q6ZWY9,7.65849123980291
Q64478,7.65849123980291
P10853,7.65849123980291
Q8CGP1,7.65849123980291
P10854,7.65849123980291
Q64525,235.6114926445572
Q3TCN2,0.031284206469721854
Q3UGC7,10.285483130185495
Q9R1Q7,35.938499761818264
Q8CFV9,0.9692640543450048
Q6NXH9,4.8580112799926525
Q6Q2Z6,7.65849123980291
Q5S006,0.16076451295935046
F6U473,7.65849123980291
Q80ZJ1,3.774119963574446
G3X8U3,7.65849123980291
Q8QZZ7,3.8835556465353953
Q8VD65,0.14408346735256305
Q8CBB6,7.65849123980291
Q8CGP2,7.65849123980291
Q8BWZ3,0.13102870967052604
Q8C3K5,7.65849123980291
Q8BIK4,-0.00585653330690461
P0CG50,64.81113983102951
Q76LS9,-0.04758186697431732
Q9CZH3,4.781447969954991
Q9JME7,0.32787778307808013
Q9Z261,0.4979628697369427
P16294,207.60260380102207
Q8VE38,2.3485239407726395
Q9CRB0,-0.02442084987124804
Q9DCZ1,4.215664575989996
O55242,0.1781646314989742
Q0VF55,0.19290669175143305
P39876,34.89277040409764
E9Q557,4.896391504853254
Q99N94,6.076974239633644
Q8K1J6,10.240081190391273
Q8BSZ2,2.581564669653909
Q8R5H1,0.3130250069611109
E9QA79,7.65849123980291
Q6NXL1,-7.438389684166768e-05
Q7TT37,0.3162300884118272
E9PX29,2.9224607767448156
O35143,119.48198850634401
P62254,1.4912592778845388
Q8BY87,0.19049111619724424
Q8K297,0.31088149843106905
Q9CR59,1.4799574372022541
Q9WV96,0.31409469362408426
Q64373,1.1921237916230347
Q91W97,9.833587039061042
Q8BJU2,10.972171298828822
Q8BJW6,1.003145854347061
Q6VH22,-0.03789847050522499
Q8K385,0.026520393559052557
Q9D2U9,7.65849123980291
Q64524,273.3115564735858
P33175,0.32154454603459093
P50429,1.8808246422931534
Q64362,0.04438976019252405
P24547,18.113107424110122
Q497I4,5.7567498719987045
Q91YZ8,7.65849123980291
Q9D3P8,15.305939947565008
Q80WQ2,1.3727268603819134
P49717,-0.026518379175078932
Q9D1I6,9.164807340381465
Q9Z2H5,15.404606611763224
Q9CQM2,9.788658547404097
P16381,30.342047684346213
O88792,36.87907977220344
P18872,10.285483130185495
Q8CGA4,-0.024942926818573796
Q99KK9,3.3428910845257755
Q566J8,-0.04758186697431732
Q62077,0.24757379506069932
Q9EPJ9,0.22466622141999415
Q9CSU0,15.850458924496856
Q06890,657.7249728825002
P55284,0.558006145581724
P10711,3.810526635176407
Q811J3,0.003835143418988496
Q9ERG2,0.13802206404628414
P28650,2.1566787363362834
O88447,0.7400663422405498
Q9D0G0,0.23853139258729428
O35682,12.983328840532623
Q7TT50,1.5933850130465648
P99025,109.62506053279989
Q80U63,0.9692640543450048
Q8BW00,4.402581717487121
Q9CQY5,7.35292155353193
Q9D187,10.013773962360133
P59325,4.629107268214579
Q91WC0,1.3674554952127371
Q9Z1B3,-0.01776790483161439
P97355,34.399493208857145
O35316,0.7499211418535108
Q91V01,12.416494447478797
Q9D071,0.18805943855201002
Q9CR58,1.1945506473037346
P36371,0.03269855981251646
O89116,25.429364204803786
O35344,0.9518661683877734
P97479,0.09009283772982224
Q9CSH3,0.15436299920579732
Q6P9J5,-0.025335521803135252
Q6P9Q6,0.31409469362408426
F6Q785,7.65849123980291
P43135,0.052092163131425506
Q7TNL9,0.17480468025739748
Q61733,3.810526635176407
Q9WUB6,0.14333351349474022
Q61545,7.227082095405326
Q8BYH7,0.6926332258353134
Q9DC29,0.001889120706993097
P27600,3.8835556465353953
Q8CCB4,0.5710338016812306
Q8BKX1,1.097608694248577
Q9D3H2,7.65849123980291
Q9CR76,0.21546514336040423
Q4U2R1,0.03010499969493674
Q924N4,0.08352213997687041
Q9CXY6,109.62506053279989
Q99J27,0.3162300884118272
Q61694,-0.04697989220722831
P63271,0.7715694810646065
Q8BKE6,1.3200729586022426
P06684,62.40862593581494
L7N222,7.65849123980291
P35822,0.15291897937480625
Q3UX10,5.598084815125954
Q9CXF4,0.556426435917017
O09005,7.65849123980291
Q8K2C9,38.27064644620939
O55128,12.604788283603275
Q9CQN3,0.05944921716953511
Q64374,31.522177300049364
P70268,0.14632058832234396
P42227,14.814837418755
Q8K209,0.011326068160266045
P40237,0.019414547328915344
A4UUI3,-0.031464995415165786
G5E8V9,15.900175195299482
Q6PHZ2,7.65849123980291
Q91WU2,-0.012201478078775252
Q9JJR8,0.07871909163245072
E9PWQ3,583.67157937623
B7ZMP1,22.73038033955402
Q9Z0F4,0.7005539054364025
Q3UVK0,4.667093664982068
G5E8H9,7.65849123980291
Q9CPX7,7.101737307653092
Q8BTX9,1.016697269826131
Q9EPV8,7.65849123980291
O35609,18.726526535999483
O08573,-0.04758186697431732
Q9D710,0.4979628697369427
Q9D1F9,14.619454490986147
P46467,12.088574152200435
P24452,155.68308218652342
Q8C0M9,35.4424127288628
Q8BG37,7.65849123980291
Q14AA6,7.65849123980291
Q5EBG8,1.322702828314128
Q9CZS1,360.05377320996587
Q641P0,7.606074378849003
Q9ER72,0.18314614159380027
Q9DBG7,0.16286426849153202
Q8R0H9,0.11893253816377536
Q99MR3,0.14927374636585178
O09159,1.0468195748303568
Q3USB7,0.5162509383383225
Q6XPS7,7.65849123980291
B2RX12,0.21167358138529546
Q5FW57,7.65849123980291
Q8BH43,2.615236900714403
Q62419,3.8835556465353953
Q9CQY1,-0.0316005874266313
Q80UJ7,0.19049111619724424
Q3UYV9,0.3504092934976917
Q8CEE7,16.29926660701768
Q9DB50,2.2522690606442675
Q99M74,0.878982784348928
Q8BFQ4,8.681452432464594
O89104,0.5223178487289
Q9D273,36.49122815488453
P62340,-0.04758186697431732
Q8JZM2,-0.03310556065139836
Q9CZ69,0.7940442260990475
P97816,-0.04758186697431732
Q6PE15,245.49454788581195
Q6PFR5,2.750727003105604
Q91XD2,18.47036055275917
P01592,112.2396374645755
Q8BHB9,2.957072090735439
Q9CPR6,7.65849123980291
P70362,12.841066270435007
E9PYG6,-0.00966100398576153
Q922J9,-0.04758186697431732
D3YXK2,4.781447969954991
Q61249,0.4755972699582032
Q8CCJ3,4.47782309444152
Q9JJV2,46.584975449977016
Q9QZE7,28.35712183637981
A3KMP2,87.10482539011755
Q9Z2C8,1.0325067942505517
P97379,6.279045511268349
Q9R0T7,7.65849123980291
Q9Z0Z4,-0.04282179424506405
Q9D924,7.65849123980291
Q08879,36.934569769319424
I3ITR1,2.514462065807371
A2AKK5,7.65849123980291
Q811I0,28.250359648357314
Q9QY81,0.2648669447413019
Q9QUK9,7.65849123980291
Q91WN4,29.536745535045853
Q8CG50,1.7077089989136787
Q63810,1.4743101373761398
Q99LD9,2.750727003105604
B2RY53,7.65849123980291
P18654,1.7940261800102673
Q9DBS2,0.178999728146511
P63163,4.104334745446408
Q3TFQ1,1.1678659315372166
P60879,-0.04758186697431732
E9Q616,85.20374480913611
Q99KU0,0.1864291526953783
Q3V4B5,7.65849123980291
Q8C5R8,10.926068963472774
Q9CPP0,0.2814919498742374
Q9CW42,9.253339336825979
Q99P31,1.9098626648229322
P14576,1.034879400280151
Q8BYK6,0.1205788798311429
O88451,0.27737204762953227
Q8BY89,37.82428445814225
Q04736,9.032381692998749
P70245,29.860113981162538
Q9R0E2,0.07579146972194328
E9Q137,0.7321760464169329
P97765,5.2837087156292295
Q8BWU5,5.0119153768173526
Q8VBT0,28.677894743143575
Q8CFI7,1.5308866115449677
P01901,7.65849123980291
P28653,1429.8397971663435
P18293,0.15000695986128187
Q8BXZ1,0.1357119767592101
B2RY56,5.677294295060822
P56677,0.10361368846560426
Q9CRA5,2.957072090735439
Q8R307,3.236749788130912
O88448,0.12464871018725598
Q8CJ53,0.3331843769452776
Q8R361,4.8580112799926525
Q9JK48,5.205736533499581
Q60649,4.7051461293992265
Q5SVR0,0.4332544006782191
Q8BGM4,-0.04758186697431732
Q3V384,-0.04758186697431732
Q8K386,68.44446099178387
Q64213,1.7077089989136787
Q99K70,0.9518661683877734
Q9ET30,5.716992174885376
B1ART1,-0.024160384595827478
Q3TIX6,5.876383412990393
A2AEP0,7.65849123980291
A2BHD2,7.65849123980291
P01029,132.53572755251008
Q61187,8.7688818859348
Q8BHL5,0.22560219082063182
Q9Z172,9.297680662022303
Q9CQV7,7.65849123980291
P51807,7.65849123980291
A2AGT5,0.21621876069219126
W4VSP4,7.65849123980291
Q9DC11,0.22296908591267828
Q99N89,12.463508796761815
O54750,7.65849123980291
Q3TIU4,2.030280309451537
Q9QXZ6,7.65849123980291
Q8K0E3,-0.04758186697431732
P07742,-0.04106875566731816
Q8BT60,36.546603446457645
Q8VIN1,4353.816885758126
O35623,7.65849123980291
P62818,0.5086469374748195
Q9R099,1.1945506473037346
Q8BMB3,2.447683909343235
Q61414,55.8847771863681
Q8C052,3.557186794832446
Q62523,27.558362324280008
Q6QD59,1.1024497460782587
Q9Z0E6,0.19768980440089856
Q9ESJ0,0.2573436509820819
Q9CPX6,5.876383412990393
Q8VCR2,0.22560219082063182
P18653,0.9304252748534443
Q9CQ21,7.65849123980291
Q9D1I2,12.088574152200435
Q60805,0.021092985505593687
P55772,0.4360271024539315
Q9CZX7,-0.04758186697431732
Q8VH17,7.65849123980291
O55101,27.08129083834621
Q8BG94,6.360281489119636
Q80VJ2,0.017723293985742572
P08730,7.65849123980291
Q3UQ28,1.4070322866678513
Q9WTL2,2.7848102961998062
Q99JT2,0.566141235006701
Q80UW5,-0.002055834833766923
Q9CPR5,10.558900285821654
Q6PH08,0.11308496622576003
Q9QYB5,29.267817834841242
Q9CQS4,0.31835981580141604
O09165,-0.0472806206766927
P02104,251.87724751557428
Q9DAM5,0.09468177448677073
Q3UE37,1.7940261800102673
O89053,36.49122815488453
Q99LE6,7.65849123980291
P26149,7.65849123980291
Q9D7J4,21.371621895043454
Q9Z1Q2,1.3569152010902465
Q5SUC9,48.887128894747306
Q61462,5.08925382853842
Q6IFX3,0.17141267086268575
Q60902,2.8879291471283373
Q922Q4,1.6218834019796362
Q9CY50,12.228867452149823
Q8BHH1,0.7676367087940033
Q9CZW4,2.581564669653909
Q8VHN8,8.247383220220556
Q504M2,-0.046679665761598765
Q9DCU2,51.7823402244174
Q9Z306,-0.04758186697431732
Q8JZL3,1.378001150789685
B9EJA3,0.17648862333639026
P0C605,1.2701910765669022
Q9CPW2,0.22746920065747878
Q9Z0U1,3.2720553495832148
P54729,0.05755158075357758
Q9QXC1,0.03585008551034319
Q8VI36,2.0933277978117606
Q8BGA9,1.1412006321947548
Q9DCI9,3.2720553495832148
Q8K2Q7,15.75111985868055
Q4PZA2,0.10882391268226077
Q80U72,0.23670407607898825
Q8C878,2.316365338060893
Q3UUQ7,-0.045931312804275426
P61620,21.996445789478663
Q9DD03,49.46376902599562
Q9R061,6.976889827387325
Q9CWD8,14.085299565587771
Q8R464,6.482574239466847
P70295,0.18805943855201002
P49442,0.4755972699582032
Q9R155,-0.003921556733441078
Q9CR95,-0.02325165607645896
Q8K4R4,7.65849123980291
P30677,5.716992174885376
Q8K2Q5,1.8808246422931534
Q3V009,11.34264541925125
Q9D7E3,5.5585702906142345
Q9QZW0,0.15073799575525215
Q9CQ86,3.131293652768287
Q99M07,0.26591755205212686
Q8R4H2,0.6260055962544786
Q9D1Q4,15.651932199867218
Q9D1B1,0.01820784473407344
Q9D0J8,7.65849123980291
Q3UNV2,7.65849123980291
O88575,7.65849123980291
P70670,12.088574152200435
Q8BGD9,7.65849123980291
P41438,-0.04758186697431732
O70362,0.3554235951027267
Q8CDG3,0.08729818548840229
Q8K1I3,18.777865256968102
Q99LC9,-0.001525648729407303
Q9Z1W9,0.14483135989510276
Q3TCJ1,0.178999728146511
Q8BIP0,27.877326548560575
Q9EQQ9,0.4208776650873147
Q8C7D3,0.19290669175143305
Q8R2N1,39.22245588769902
Q8K2Y7,6.769933069950366
Q9DCC8,11.528967762594739
Q4VBE8,2.2522690606442675
Q65CL1,0.06402593691355407
Q7TNE3,0.1009674368142992
O35945,7.65849123980291
Q6NVD0,4.667093664982068
Q9JKC8,7.437091527671461
Q791T5,30.82380214252693
P49138,0.6340179985616643
Q78T54,-0.04758186697431732
Q91UZ5,56.47396749920171
Q61239,5.401135338100991
Q4PJX1,0.9918524274681915
Q6DFW5,-0.00990146619309129
Q9DCL2,3.3784200829111137
P56387,5.166846561224739
Q80ZJ7,0.1756476814454213
Q9WV68,44.563669035958775
Q99L27,17.45395424124245
Q9D0R8,2.514462065807371
Q7TMY7,0.06536168958891131
Q9D6N5,0.24667648146809595
Q80WK2,0.008056449607325877
Q3U2A8,3.701519380693158
Q8C025,-0.03661735851863013
Q8VC52,0.0322280443568701
Q5I2A0,7.65849123980291
Q64467,7.101737307653092
Q3UJD6,-0.04758186697431732
Q8R3W2,7.65849123980291
Q921G8,0.17311276267876408
Q99KH8,3.131293652768287
Q9Z120,-0.04758186697431732
Q8BPN8,-0.034221969466788016
Q5U452,7.65849123980291
Q8CGP5,120.13964186817861
Q8R1M2,124.70335704402491
Q8CGP7,7.65849123980291
Q8CGP4,113.5508579662674
J3QNT6,7.65849123980291
Q9ESY9,7.65849123980291
E9PZJ8,0.004222268786505001
P21995,-0.04758186697431732
Q8BGE6,0.21621876069219126
Q07133,71.49844211424168
Q8VEL0,-0.04758186697431732
Q8K354,82.0520783270812
Q9CPN9,7.65849123980291
P42703,0.07579146972194328
Q4VAA2,2.716736390484257
Q61749,0.38278939708449333
Q9JKY0,0.3365121057098397
Q9QYE6,0.005122888720472174
Q99N85,4.141375918632433
Q3UD01,0.0955895023717892
Q60936,7.65849123980291
Q9R092,0.07774714688959228
Q5M8N0,14.961773028461891
Q8CFX3,0.38003775763850833
P27641,100.55687698170235
Q9Z266,5.0119153768173526
Q91W52,0.2763382969565824
Q8BNI4,0.004994501953588193
O08532,4.47782309444152
P97470,7.479254308821405
Q9CQE6,-0.027046627892972963
Q80SY4,-0.038901180366604615
Q80XI3,-0.022992848079414707
Q3ULQ2,81.42424240701729
Q9R0B9,-0.040488170949897984
Q8CDC8,7.65849123980291
O88552,3.414025283377131
Q8K3H0,5.677294295060822
Q8C181,0.9325699686129023
O54865,0.13725430980053588
P36916,0.28582255338037177
Q6AW69,9.386506054622025
Q6P9Q4,0.0816121501699767
P12265,42.274935496963764
Q3UPH1,7.01845071382275
Q8CGF7,0.3119539402970539
P51906,0.12545496809484247
Q61025,-0.04578201209093691
Q91X78,8.118175542842641
Q9JJC6,0.11138919194323416
A0A1Y7VKT9,7.65849123980291
Q9Z2Z9,0.32260329346187433
Q9DCD6,0.8811236379867038
Q99J93,7.65849123980291
O70370,32.81918381186356
Q8R123,0.09009283772982224
Q8BND5,0.05585215706230784
Q05186,18.3170536298734
Q3V1T4,-0.008941664217672063
Q9ERI2,1.6504363112817324
P63147,2.4144188161523665
Q8WUR0,7.65849123980291
Q5U430,-0.01827102438330086
Q8BVL3,3.3784200829111137
Q8BI72,0.23853139258729428
Q9JLJ5,-0.04758186697431732
Q9R062,9.564756722441684
Q91WM6,0.2732281258858096
Q8K442,7.65849123980291
Q8BH24,2.750727003105604
Q8R3R8,14.230518928248802
Q8C079,0.03804281034588097
Q91W96,-0.0352045031493563
Q8C0L8,0.17055965325570477
Q9JL26,-0.00046924981379892206
Q6NTA4,2.188467982704622
Q9DAV9,0.19610240346001628
P70345,0.10796303981765965
Q9JK83,0.9454352611895798
Q99LC8,12.746437133654947
Q61735,6.893938643501248
Q6NSQ9,0.878982784348928
Q9QZ85,7.65849123980291
Q6P5E6,0.5086469374748195
Q9CR20,51.200952516820834
Q8BUX5,-0.04758186697431732
D3Z7Q2,7.65849123980291
Q8BUY5,12.983328840532623
Q8R107,-0.04758186697431732
Q9DAA6,0.03351969427858292
Q9QYS9,3.701519380693158
Q8VC60,-0.003787746207235987
O35955,24.57729875335188
O54692,0.08541736559577218
Q6ZPU9,0.9111158505223385
E9Q634,1.4602014897050846
P42232,0.9046769946640987
Q9D115,-0.04758186697431732
Q9D2C7,1.8808246422931534
P70694,7.65849123980291
Q91WT9,7.65849123980291
Q9CQA6,7.733381554602728
Q9QXL2,0.017602043943419465
Q9DCJ1,0.32048429015106006
Q99J94,7.65849123980291
Q9CQ18,0.06750406749483373
O08848,25.965060038925664
Q91VZ6,0.7183531709552919
Q99M04,0.06566889569899148
O88843,3.2720553495832148
A0A087WQ89,0.24216719327441982
Q3UIJ9,-0.04758186697431732
Q80YV3,-0.026123211543229274
Q91XC9,0.5824225461995602
O88746,7.65849123980291
P56546,7.65849123980291
Q9DCR2,9.654169055785808
Q8CIF4,1.556421902292596
P46735,13.651746038953831
Q8BH44,1.6790447989719612
B2RPU8,-0.04758186697431732
P01898,7.65849123980291
Q501J7,0.18968245363957248
Q9CRC3,0.022284148711276375
Q91W86,0.7856798860607583
Q91VC7,6.238513024535381
Q8C7H1,7.101737307653092
Q9DAV6,7.65849123980291
Q6GV12,3.3784200829111137
Q8R2Y0,8.463774510460029
Q61576,-0.027311287200946333
Q8VD75,2.8879291471283373
Q6ZQ93,-0.0438523523476918
O35452,19.55174990671747
P05125,-0.041505439461013593
O55236,-0.02481229157577347
Q9CRC8,0.11308496622576003
Q3UDC3,8.204259206320232
Q9JHQ0,1.0492360287453075
Q9CPZ8,15.355252748100135
P49962,78.92160273374658
Q6P5G0,0.1357119767592101
P51163,0.1270598793083031
Q9DCF9,73.34209140636983
Q3TYS2,10.926068963472774
Q9Z0P5,25.53631671878569
Q9CQE7,0.6457928534087973
G3X9F6,0.0982929361438003
Q9JKZ2,-0.03690129051164304
Q9D1H7,4.629107268214579
Q9JKK1,0.03163855554066042
P56394,71.49844211424168
Q8CI71,0.17395970562549778
P39749,-0.021191655159883527
Q9D4J1,101.8442111952848
Q8K199,1.4043909163164612
O88630,0.13102870967052604
Q8BGN3,9.032381692998749
P31649,0.9454352611895798
P52623,0.17648862333639026
Q8CHQ9,7.65849123980291
Q91V89,0.1847913475342362
B9EJR8,-0.018775586410675893
Q9D6P8,29.80616844563983
Q80VQ1,0.7302023312089707
Q9DCT5,2.4144188161523665
Q5U5M8,1.6218834019796362
Q8VD57,1.2018314815581288
Q3U0V2,2.8879291471283373
P55012,0.22219325366892573
Q9D832,0.23210715550160077
Q69ZQ1,-0.04758186697431732
Q06318,-0.04758186697431732
Q8R3T5,-0.00585653330690461
O08599,1.1218200807332988
Q9D8L5,0.014670835831784856
Q4QQM4,0.18724517676125862
Q9JLR9,48.887128894747306
Q62452,8.94434759704483
Q9Z160,0.178999728146511
P49769,-0.04474039069643476
Q9CRC0,1.2675694680882126
Q3TMP1,-0.031194036981752604
Q8BPE4,0.6373577291656882
Q8VCH8,1.5308866115449677
Q64314,80.17118638947788
Q8CDA1,-0.03933260503252978
Q8C0K5,0.13023986511294416
Q60675,0.2902358762314299
Q8C7J6,7.65849123980291
Q8VCH6,-0.028774174690350485
Q9CQG6,-0.04563283536841134
Q64176,7.65849123980291
Q99P58,0.18396973843494813
Q6ZQH8,0.18066408173651016
Q8BHG9,0.15651422676769533
Q8BZJ7,0.09101746126003185
Q9Z1K6,0.16006089977837323
Q922Q9,10.833993403606772
E9PV38,7.65849123980291
Q91WN1,0.7597666632387468
Q9CPR7,-0.027974755038497667
P28076,22.153276602554893
Q8BRN9,0.03328539262156771
Q8BKX6,0.025117192380054387
Q61011,5.7567498719987045
Q91XL1,89.01318432016875
Q60949,0.21091056531645092
Q8K182,13.988679339158681
P30285,1.304305710233407
Q9D1M7,0.30333518552303484
P31532,15.651932199867218
Q7TQ48,-0.041505439461013593
O55100,10.604631198280956
Q61532,0.13416029452597278
Q7TSI3,0.16632732399409678
Q9CWX2,1.7364273129198335
Q9Z247,1.000887275633016
Q3TDK6,1.1339319626602484
A2A5N3,0.4263450667199118
Q99PU8,0.998628363336737
Q9WVP1,5.205736533499581
Q8VCS3,0.01019973300133703
P18052,0.27530301998741624
Q01279,0.40191666232211753
Q8C3W1,0.18149336930952464
Q80VP0,-0.0384707743806908
P70280,7.65849123980291
O35345,0.883264346161968
Q91YQ1,23.573656854190883
Q6P8M1,4.365062671918661
Q3UBZ5,-0.04758186697431732
Q8BU85,0.36414924347201816
Q9Z2P8,17.50445958757569
Q9EPU4,0.22070865392896244
Q8CBY0,-0.04758186697431732
Q91V04,1.5223856122600052
O88968,-0.0438523523476918
Q8VED2,0.998628363336737
P54869,116.18074082445635
Q9ET38,0.20784254000786584
Q8BQ46,5.166846561224739
Q61189,2.2842793790282268
O88876,6.976889827387325
Q9WUD1,20.43749989245495
Q9CQ85,2.2842793790282268
Q9CQX6,7.65849123980291
Q9QZS7,9.968652178387442
Q02858,-0.0316005874266313
Q3TMH2,-0.02055270267424425
E9PYP2,-0.0068002737687602455
D3Z748,7.65849123980291
Q920R0,-0.042675045276659995
Q8CI43,105.0746577093421
Q80TA6,0.050135170639157955
P04370,0.05902882898287376
Q80TI0,-0.042089286966804695
Q6ZWQ7,7.65849123980291
Q8R5L3,0.09468177448677073
Q8BQM4,-0.00192316060324349
Q8BQ47,0.3130250069611109
P60898,0.5405843779532171
Q8K310,7.65849123980291
O35387,0.23302977357558263
Q99KL7,-0.04758186697431732
Q8BX80,-0.01776790483161439
Q9DBW3,0.13181521166635068
Q8R0A0,0.48450700680583614
Q922S4,0.39101523096072865
Q9D1C3,7.65849123980291
Q6P2K6,0.05755158075357758
Q62266,7.65849123980291
Q9CQP2,7.65849123980291
Q8VC85,4.9733439189242965
Q3UX61,7.65849123980291
O70589,3.810526635176407
P59113,0.9941109339307754
Q8VDB9,-0.04758186697431732
S4R185,7.65849123980291
Q8K1A5,4.934836658130138
E9PX95,7.65849123980291
Q62313,7.101737307653092
Q8BGR2,-0.004800636028264749
P70318,1.0234728810230926
Q8K3D3,-0.04758186697431732
Q810A3,16.14932727500816
O35660,7.65849123980291
P97427,9.564756722441684
Q9CZT8,0.3882779936504137
P51432,0.07871909163245072
Q91YT7,0.23853139258729428
Q8C0L6,-0.045931312804275426
P33609,0.027914793641965918
Q80TY0,0.31088149843106905
Q8BSF4,0.07382010855595178
Q8K3G9,0.42497981631760817
Q78HU7,7.394977094521176
Q69ZP3,3.4497044425807504
Q5SYD0,13.651746038953831
Q8R115,0.19210330087039873
P35288,3.593160066631296
Q61146,0.5147319636119605
Q9D7H3,16.650365074589335
Q99J36,4.365062671918661
Q91WN3,-0.04758186697431732
O35075,14.863779713525128
Q8VI63,0.7400663422405498
Q505D1,0.271147055971235
Q9CQU8,-0.04758186697431732
Q9QZ06,35.883322758285864
D3YXJ5,11.99526165998791
O88455,0.27010417986973145
D3Z298,7.65849123980291
Q6ZWY6,7.65849123980291
Q9DBW0,-0.002587262310144278
O35621,-0.000996843383999746
A8C756,-0.04578201209093691
Q9CQS8,35.002573184061056
Q3UM29,0.01306675327166884
Q9JMG7,46.584975449977016
Q9CR10,0.03375376530982255
A0A140LIF8,7.65849123980291
Q3V3R1,0.029070219524210072
Q08509,0.4401778335204487
Q6PGF7,0.5548460873240897
P41241,0.28360695615749787
Q8QZZ8,0.1756476814454213
P04939,7.65849123980291
Q9CR26,28.250359648357314
Q3UQN2,0.6657847841127604
Q8R1H0,0.028954943319021487
Q9EQG9,0.15073799575525215
Q6ZPS6,0.04101076425211625
P07607,-0.04758186697431732
Q62093,5.7567498719987045
P97872,3.236749788130912
Q99N11,-0.03933260503252978
Q8K114,-0.02944305515405332
P39098,-0.03324473760653357
P70426,1.5933850130465648
Q9D8S3,0.21921803477112478
Q6PCP5,3.0613711406011674
Q8C4B4,1.9988715050482213
Q9JIS8,0.09649391977456201
Q9DBT5,0.8425632454207488
P58466,-0.02850733011050932
P53612,1.9988715050482213
O88796,0.2339507962466172
Q64435,7.65849123980291
A2ARA8,5.836444369059378
Q8VD62,1.3542816520565601
P56564,-0.04713020700437642
Q9D7L8,-0.03268922054600698
Q60772,0.6340179985616643
Q8C5Q4,1.7077089989136787
Q9Z1G4,60.6173662028566
Q3UQA7,7.65849123980291
B1AWT2,0.22070865392896244
Q9Z329,0.11975702007399991
Q3TLI0,0.14706199312653934
Q9DBE8,0.6407337843590444
Q8K2K6,0.7163769498327168
Q61704,8.812671379156566
P50462,-0.005034750873422311
P04627,0.1009674368142992
Q9Z1R3,13.940431349154151
Q60714,0.05892362175428256
Q6IFZ8,7.65849123980291
P70202,39.67190680410007
Q9DBG9,21.631486590301073
S4R2K0,1.7651997296906856
Q99LM2,8.7688818859348
Q3UH93,-0.029845655226950485
Q9Z320,93.49411009553451
Q91X83,3.2720553495832148
Q3U7U3,0.998628363336737
Q8K221,0.6847065471001139
Q8CHH9,9.297680662022303
Q9D136,0.24757379506069932
Q3UFY7,0.9325699686129023
Q9JIM1,0.008688996109454283
Q3URD3,0.015774587452805244
Q921N7,7.648458445904955
Q9DBR2,-0.04758186697431732
Q8CHK3,1.7364273129198335
P26450,0.04483663728971021
P46414,0.27737204762953227
Q9D6H2,9.564756722441684
Q9CXE7,27.558362324280008
Q91YY5,7.65849123980291
P16056,-0.024551227964775713
Q78IS1,-0.03534528114091895
Q8C0D5,0.0863595304138689
Q61235,15.453996494775886
Q91WG2,0.2448774257015438
Q7TN29,0.5824225461995602
Q9D3B1,0.5742914693536985
Q64735,0.2763382969565824
Q8R238,48.887128894747306
Q3UWK8,7.65849123980291
P62313,63.00776911027691
Q0VGY8,0.04214248887131866
Q8BTI9,0.15146700733416818
Q8CI04,0.05349559866824749
Q9CR64,13.364458752688938
P11087,87.10482539011755
Q9CPW5,1.3569152010902465
Q9QZN4,-0.0235108310742701
Q8BVF2,0.06992955230513442
Q8BPA8,0.19689694957364057
P51175,5.166846561224739
Q9D8Z2,0.3759012531631447
Q9R013,-0.03804135561070521
Q921B4,7.65849123980291
O09110,0.8554225878693822
Q8BZA9,0.6067020914255516
Q6A4L0,7.65849123980291
P52624,0.6340179985616643
Q9Z2M6,0.34537421189475404
Q8K2T1,5.598084815125954
E9Q912,2.3485239407726395
Q9QYJ3,12.983328840532623
P06800,0.18314614159380027
F7BGR7,7.65849123980291
Q69ZU6,7.65849123980291
Q80X80,-0.03633390491658106
O88697,-0.01864932711731271
O35400,-0.00033753083812504414
P62488,1.3384855516021092
Q78S06,-0.04758186697431732
Q2EMV9,-0.04282179424506405
Q6S9I3,126.66713180972432
Q8R059,80.17118638947788
Q9CQZ1,5.205736533499581
O88335,-0.024290571523579607
Q08024,0.05198387309738628
O70400,88.37626080530694
B1AUN2,0.9003845698558333
Q923T9,1.4149577458081541
Q3UMY5,7.563747582665725
B2RT14,5.836444369059378
Q91XB7,1.0279898868396766
Q3U319,0.23761845868745235
Q80ZU0,0.17141267086268575
Q9D7J7,11.435715348430119
P24288,0.04727975285559438
Q9ER35,86.47031203786429
Q9D081,-0.03092359293533753
Q8VCW2,23.257849101625943
P56390,-0.04758186697431732
P97363,0.011824792552623586
O88207,-0.03255273534237746
P11688,1.0302481292929628
Q9QXF8,0.1649475170478074
Q9R0H5,1.6504363112817324
P63166,6.811211097197911
Q8BLY2,0.06018316097998211
K9J7B2,34.56377605733163
Q91W69,0.2284001049695945
Q501J2,0.060287820322184604
Q8BHJ5,0.5872920141248861
Q9CR63,-0.04758186697431732
O35245,-0.009061335451211905
O35309,0.20552448359772368
Q7TNC9,0.014670835831784856
Q5HZI9,-0.03633390491658106
Q64687,-0.04758186697431732
Q8R0P4,20.019536425077813
Q8BPS4,-0.03436202110501785
Q9QXE7,0.01638542058095882
Q1HFZ0,0.7538605941988163
G5E8Q8,0.2599770110252928
Q8C4Y3,0.2669665541477553
Q9CXR1,71.49844211424168
Q9WU20,0.10623229133492673
P47809,0.6491795106676745
P52431,-0.02106368305144224
Q9WTU6,1.8518384141431108
Q8BUE4,0.48302461615611314
Q569Z5,7.65849123980291
Q9WV91,0.601859475063349
P49586,1.3700914200121104
P59266,0.465198432963408
Q8K2L8,-0.010503953503689378
Q8K2V6,0.011824792552623586
O08800,2.615236900714403
Q3U0M1,0.07382010855595178
Q6IFZ9,7.65849123980291
Q9CX30,0.41950819909642023
P70227,0.07282844864132554
P06339,7.65849123980291
P59326,0.005764016091599711
Q3TJZ6,1.5308866115449677
Q9D0Y8,0.00792976312378535
Q8CG48,-0.042528438069526886
Q9EQJ0,0.3130250069611109
Q8BTY8,0.22145173407051133
Q9ES46,5.836444369059378
Q91WG8,0.027102464553899086
Q9QYI4,0.5147319636119605
P70288,1.0099215889498718
P63328,0.5162509383383225
Q5YD48,0.38553606428277565
Q8R0S9,7.65849123980291
Q9D2R8,10.013773962360133
E9Q8Q1,3.6653268114637108
P19246,3.774119963574446
Q99N23,7.65849123980291
A2AQW0,0.021331706296658703
A7RDN6,0.3299975161574047
O70324,-0.004800636028264749
Q9ERA0,-0.014038083228453346
Q0P5W1,0.043493374886735214
Q91ZW2,3.3784200829111137
Q8VCC2,7.65849123980291
Q8R3S6,0.08352213997687041
Q9JIY5,54.11972221265288
Q8BL97,194.44655632132688
Q6DVA0,3.0265277719243686
Q64676,-0.01171486467732874
A2AMZ4,1.6218834019796362
Q6PDB7,7.65849123980291
Q8R349,-0.029845655226950485
Q6ZQK5,0.2394427459960522
Q9D8X1,-0.021961393328940648
Q9CWI3,0.5516825358342237
Q9D771,-0.04758186697431732
Q8CJH3,0.012073726086936576
P21765,7.65849123980291
Q60632,-0.04758186697431732
Q8C3X8,0.12464871018725598
O88384,4.515544007721459
Q8K268,0.24667648146809595
Q9CZU0,7.65849123980291
Q9Z2C5,0.24667648146809595
Q9D162,-0.031464995415165786
A2RTH5,1.9098626648229322
Q9JME5,0.10536243188065475
Q8C863,7.65849123980291
Q9CXJ1,2.81910476627378
Q80YV4,0.9347143898213688
Q8BPM0,0.09468177448677073
P26150,7.65849123980291
Q9CT10,2.3485239407726395
A0A0G2JDI3,3.3428910845257755
Q80VP1,6.605386295837831
Q62148,19.49992722633728
Q8VBZ0,7.65849123980291
O88736,-0.04370476882717278
Q99K28,1.9098626648229322
Q5XPI3,0.039873667947788016
Q8K135,0.016751116463180837
Q80WW9,12.463508796761815
Q03160,-0.031464995415165786
Q3TV70,0.2555807678870048
Q61510,5.956441540095487
Q8K2I1,0.035153391520636124
Q9R0M0,-0.04503735331184422
Q80T14,0.11308496622576003
A3KGB4,0.16970452770022604
E9PY46,0.008815293429547344
Q9CQT2,-0.025728953209480765
Q8BIW1,0.31088149843106905
Q99KK1,0.01820784473407344
Q9D385,0.7919532871612436
Q8CHD8,0.2093797500324075
Q6ZWZ2,0.3054982917430793
Q3U3R4,-0.01852310209096808
Q6P3A9,0.4167848923167876
Q8BGP6,0.1671267589110259
Q9QY36,0.8532798253710892
Q8R1U1,0.035269628562306865
Q9DD18,6.8525478332499326
Q91Z61,-0.037185626094004554
E9PX10,0.15722736224163825
Q62245,-0.035486170965366326
Q9CYL5,12.604788283603275
Q8VHC3,-0.04758186697431732
Q9JKD3,-0.04326271865614817
Q9CQT1,15.207421838110864
Q5SNZ0,-0.026518379175078932
Q9D1F4,-0.016391344819131515
P59481,7.989433245137267
P97431,-0.02273444932522506
Q9D7V9,1.399110118052275
Q9D4V0,-0.04311563509770788
O54946,0.939003188165956
G3X987,7.65849123980291
Q78JW9,0.026986140239120937
Q9EQW7,0.14333351349474022
Q3UW53,0.15793855363512388
Q6P5B0,0.0022797254866546712
Q3UIA2,0.26591755205212686
Q6PB93,1.2806810921406466
O89016,0.22296908591267828
Q8CHU3,0.1937081666039533
Q08331,7.185244141766065
Q61983,0.35792300056338267
Q9CZL2,-0.04758186697431732
Q7TQG1,0.8939657532479395
Q3UN02,0.45628605627590346
Q9DBC7,35.497471113714575
Q6PAK3,0.2339507962466172
Q8C142,-0.004800636028264749
Q8VE96,5.205736533499581
Q9D735,7.143462478435586
Q9CY45,-0.04758186697431732
Q8JZS7,2.447683909343235
P52482,0.22070865392896244
Q9QXJ4,-0.04758186697431732
Q9JKN1,2.957072090735439
Q9QZB9,15.800773615756423
Q8C8T8,-0.041943132444491105
Q91YS8,1.2833045410490658
P34152,0.4167848923167876
P04444,7.65849123980291
P97821,209.6871082496864
Q8BXL7,0.12302850550642042
P29533,0.3119539402970539
Q80YX8,7.65849123980291
Q9CYV5,0.0806515957528029
Q8R2L5,0.32577198176573496
Q8K211,0.009067658533991052
Q9JHW9,3.956868720107206
P23475,143.0507266367424
Q99M31,-0.029041420709948085
Q6NVF4,-0.04758186697431732
Q9JJZ4,-0.02944305515405332
Q9D312,1.9988715050482213
Q9ER67,1.6218834019796362
Q9JKF6,-0.04758186697431732
Q62084,7.65849123980291
F2Z4A3,-0.04005398802020366
Q91ZT8,9.386506054622025
Q80U95,0.28360695615749787
Q80YQ2,1.3621849805222084
Q8VCH7,1.1024497460782587
Q9CWG9,1.4997414852174238
E9PZP8,0.04202953815385291
P62484,0.21621876069219126
Q8VHG0,0.8939657532479395
M0QWE2,7.65849123980291
Q8BML3,7.65849123980291
P70302,0.09193861669472803
Q80UK5,7.65849123980291
Q8BHL8,15.109052356113306
C0HK79,7.65849123980291
Q60520,0.03340253680972172
Q8K4Q8,-0.025728953209480765
O08716,-0.04758186697431732
Q8VHE0,0.22560219082063182
F8VQ29,0.14632058832234396
Q3THK3,0.012073726086936576
P19137,0.6847065471001139
Q9CQP3,0.17480468025739748
Q9D113,-0.040198570085024254
Q3U0Y2,-0.04758186697431732
Q61771,0.02013540498766142
Q8CI95,0.07043183388859231
Q62264,-0.007630046737051477
Q61234,2.615236900714403
Q9D8C6,-0.0190284096786838
Q9D1X9,1.1363546478187443
Q9D270,-0.04758186697431732
Q61036,0.09649391977456201
Q3TUH1,0.059973691442016364
Q925E7,1.10971237409007
Q8K0Q5,0.17480468025739748
Q9D2Q8,-0.03933260503252978
G3UZ38,7.65849123980291
Q9CQK7,9.52011720619796
P35276,4.215664575989996
P84309,-0.04758186697431732
Q9DBD5,-0.017642291109744246
Q9QXS8,7.65849123980291
Q91X85,-0.044000027897131866
Q8K4K6,-0.0384707743806908
Q91XV3,80.79729071963054
Q9JLQ2,0.22070865392896244
Q9CQX5,-0.03562719738428022
Q9QXG2,-0.018019269401993165
Q3TZ89,0.05955418578102889
F6V5V4,7.65849123980291
Q80TM9,0.03422126800018277
Q9DCK3,5.205736533499581
P52332,0.05317246068666592
Q8VCC1,3.6653268114637108
Q91XA9,7.65849123980291
Q9JI78,0.08541736559577218
Q8K2H2,0.8065837955069493
P70665,58.24333699566704
P62915,0.19768980440089856
Q8C3X4,0.31088149843106905
B2RU80,-0.021447901731826757
Q60829,-0.018901947278942233
Q99MD6,7.65849123980291
Q9Z0G9,9.386506054622025
Q9QYI3,0.2555807678870048
Q61655,0.9692640543450048
Q91YD9,2.2842793790282268
P06683,332.9411651423456
Q8BJF9,8.725140984496454
Q9JM63,-0.007392625954180887
Q9DB34,34.783047132375025
Q3UVG3,0.2024108181966524
Q8R0J7,0.5516825358342237
Q80TY5,-0.02273444932522506
P54103,0.003705991303069478
P42230,0.19049111619724424
Q5XG73,0.29462547870177813
Q99PL6,6.400987934798224
G3UXT0,7.65849123980291
O35604,0.13955068231879553
Q91Z98,-0.04758186697431732
Q6ZWY8,7.65849123980291
O35704,3.9936292209634265
Q60960,1.0782518734719146
Q9CQT5,-0.02325165607645896
Q8C522,13.79591460603413
Q9D952,0.3087323735931755
Q8C754,0.04705869584519129
A2APT9,0.24846944133610482
Q9JIH2,0.3759012531631447
Q9QZU9,1.5252188160946463
Q80X82,-0.005034750873422311
Q8R3C0,0.037352596530331406
Q8VC73,7.65849123980291
Q64523,194.44655632132688
Q80X73,1.0099215889498718
Q9DB41,0.5726630870497151
Q3UHA3,-0.01928158842430172
Q923X4,7.65849123980291
Q62384,0.050571349100487994
Q810U5,7.65849123980291
Q7TQK1,-0.033662927453275815
Q60749,47.16454434977112
P52483,0.18724517676125862
P51437,5.166846561224739
Q91WL8,0.04783156595372895
P54818,0.11893253816377536
Q91V09,3.4854577653540417
Q64261,0.17648862333639026
Q8BZT5,-0.025335521803135252
Q811Q9,0.30333518552303484
Q9EPX2,3.3074351963776385
Q8K1E0,0.7262543005201347
Q9D7I5,129.9251950562971
Q91X21,0.12464871018725598
Q8VCM5,0.033987623273213696
Q8R527,10.058938691600636
Q5PR73,0.039873667947788016
Q8VDD8,0.11053697741169044
Q60751,0.043493374886735214
Q9JMD0,0.7617346917085344
Q9CY16,15.651932199867218
Q9WTR5,17.858916969005584
Q8K1L5,0.04461333613347995
Q9QZZ6,192.37605777897164
Q923Z3,-0.04758186697431732
Q3UU96,0.15364193104704382
P47739,1.446691703817454
Q3TYX3,0.40733940001165503
Q9JJK2,9.209046026185328
Q61216,0.38690768378374085
Q08642,0.7814963363761513
P15116,6.441750986500806
Q9ESD6,-0.04758186697431732
Q8BM85,0.14927374636585178
P28667,17.151651283483442
P49282,0.1847913475342362
Q5SSL4,-0.01751677930924156
Q8CGB3,1.2597072865129677
Q60875,0.0844715713412505
Q8VHK9,0.06278626389864761
O35166,10.467572328381708
Q9D6V8,-0.04758186697431732
P60334,0.556426435917017
Q9ER71,1.3964700408086745
Q8BX10,16.29926660701768
Q9D0V7,-0.013056233890244573
Q9CWB7,-0.04758186697431732
Q8BGZ1,-0.03990946653053484
Q499X9,0.12302850550642042
E9Q9B7,-0.0036540544485570425
Q6PGL7,0.21996410035735559
Q61112,2.38123522051498
Q3TQB2,0.17480468025739748
Q9DBX6,-0.038614118765320615
Q8CII2,-0.043409960125852076
Q9D882,-0.04758186697431732
P70445,0.5223178487289
Q9CQ28,-0.03506382049158874
Q5RL79,2.4144188161523665
Q99KE1,5.876383412990393
Q9D394,0.17648862333639026
O35099,-0.02998001783111426
Q9R1K9,3.9936292209634265
Q8BK63,2.4810322927788966
Q9DAC7,-0.04713020700437642
Q91WG5,0.28251830137297973
Q03141,0.041124158233773134
Q8VHQ1,7.65849123980291
Q8BTU1,1.090348858947812
P70188,-0.01465438293993182
Q91XL9,0.0690228371910897
Q9JKV5,17.960484721468468
Q80YX1,78.29807901153328
Q8C407,0.9454352611895798
Q99P88,0.11975702007399991
Q9QXM0,-0.044888813907192016
Q9QYI8,-0.04758186697431732
B2RXC6,0.00678581025299585
Q9CZH7,7.65849123980291
Q91YR5,0.0065308385825797455
Q80TA9,-0.046529737897686996
Q9EPA7,5.166846561224739
Q8BMT0,7.65849123980291
Q8BQZ4,0.16425495017424474
Q99P86,-0.04758186697431732
Q9CQG1,-0.04758186697431732
Q5KU39,0.03550199968653378
Q03173,0.9604381859470232
Q9DCX7,-0.04758186697431732
P11798,0.939003188165956
P28661,7.65849123980291
O08989,-0.042528438069526886
Q9WV84,-0.04758186697431732
Q5FW60,7.65849123980291
Q9DBR3,-0.034221969466788016
Q9CRA8,0.34537421189475404
O08806,7.65849123980291
Q64253,7.65849123980291
Q91VX9,-0.03633390491658106
O55042,114.20731239004235
A0JNU3,0.19530612911368528
E9PWG6,-0.046829741748346976
Q2NL51,0.5086469374748195
Q80X98,0.04783156595372895
P20801,0.13181521166635068
Q9D1H9,131.22942684318204
Q3UFS0,-0.02312222713097234
Q9QY93,4.030462119063579
Q9JK95,-0.04758186697431732
Q921I9,1.444045387408714
P41731,19.448139802655763
B1AVZ0,-0.01776790483161439
Q3UR70,-0.008941664217672063
Q9D5J6,19.759333986389237
P59041,0.4533074810592823
Q9D4F2,-0.04758186697431732
Q9CQR7,-0.04758186697431732
Q96LX3,7.65849123980291
Q8BKF1,-0.0046836604003037685
Q8BX20,7.65849123980291
Q3UTA4,7.65849123980291
J3QP87,7.65849123980291
J3QQ02,7.65849123980291
A0A1Y7VJE9,7.65849123980291
Q9JM51,0.04326878579465676
O08579,97.34290099307088
P33173,0.008562645391015256
Q920Q8,0.03941728710128012
Q80XU3,17.151651283483442
Q8VIK2,-0.04758186697431732
H3BKF4,7.65849123980291
Q61548,1.4912592778845388
Q6X893,2.5479723217549792
Q9JLJ4,-0.04758186697431732
Q8BTJ4,1.1072914141633188
A2APY7,0.796134523468468
P0C8B4,0.5759192667216353
Q80ZM8,-0.04758186697431732
Q9D291,-0.04758186697431732
A2TJV2,2.2522690606442675
Q9Z321,-0.03268922054600698
Q8CGK7,2.682823828454555
Q3UFY8,6.482574239466847
O08804,190.9977362777477
Q9CPT3,-0.017140889590541608
P51912,2.9224607767448156
P14434,7.65849123980291
Q9D6T0,7.65849123980291
P16330,106.37144450266206
Q8BVI5,0.041124158233773134
Q9JMG3,0.026753372599838787
P57680,-0.04758186697431732
Q9Z1T2,0.2957192979186072
Q8CIB6,0.1756476814454213
Q9WTZ1,7.65849123980291
Q7TNH6,-0.012079694660233065
Q3TSG4,0.020255329098333164
P62761,-0.007630046737051477
Q8R3C7,1.20425849609656
Q9D6Z0,0.13259926829707158
B2RXW8,0.12865476436990408
Q8R3I3,0.12944854802434658
A2ALS5,0.11053697741169044
Q6P4T0,-0.025991690076215823
Q91WB4,4.8196987642643805
Q80YT7,-0.012201478078775252
Q60996,0.12944854802434658
Q8BXR9,-0.03200803838486144
Q8R313,-0.02744380675900504
Q80VC9,0.012322408259018092
Q8BRT1,0.15508198159227637
Q8K2F8,0.20084390014184827
Q8BRK9,-0.03324473760653357
P54761,-0.024290571523579607
Q99KY4,0.5086469374748195
Q8QZR3,7.65849123980291
Q61420,-0.04758186697431732
Q9CWP6,-0.046529737897686996
Q9DAD6,0.02628715046492003
Q8BRH0,0.09649391977456201
A6H5Y3,0.2582228689994537
Q9ER69,0.06861874275370927
Q3URQ0,-0.025728953209480765
Q9DD06,12.651960305785304
Q8K330,0.3731375018624312
Q69ZQ2,0.14483135989510276
D3Z497,0.0806515957528029
Q8R5H6,-0.03394221129592967
Q9JIZ9,0.2555807678870048
E9PV48,7.65849123980291
Q9WTZ0,-0.003787746207235987
Q3UPY5,-0.037185626094004554
Q6P8I4,7.65849123980291
O35218,0.10361368846560426
P41317,0.16970452770022604
Q80W68,8.725140984496454
Q8VEH5,3.4854577653540417
P58158,0.008183117422099428
Q9EQ00,-0.04758186697431732
B0V2N1,0.13802206404628414
Q9CZP0,-0.04758186697431732
O88947,0.7696032167465512
Q8BVD5,0.34663491589704654
Q9WV69,2.8879291471283373
Q9Z2B2,-0.04758186697431732
Q6PGH2,7.65849123980291
Q64345,1.4546330344136584
Q9Z2A9,251.87724751557428
Q8CHP0,-0.027046627892972963
Q9DBS9,-0.008105909109147658
O70131,0.8275536952465714
Q71FD5,0.9850760339181921
Q80UK0,-0.03324473760653357
Q3THW5,149.01513016859732
Q9D0I4,0.37048810915364294
Q9WUT3,0.12625865457530905
Q920I9,0.01796573263106649
Q8BVA2,0.8575650234761225
O88322,85.20374480913611
Q50H33,0.3772812918513184
Q9CWV0,2.9917598036338107
Q8R1N4,0.08352213997687041
E2JF22,0.36414924347201816
Q99M71,7.903870228723527
O35551,0.20084390014184827
Q80WR5,-0.04758186697431732
Q8VCG4,139.75233873812627
Q3TQZ4,7.65849123980291
Q9D8S4,29.321569706249655
Q60855,0.2979024062483129
Q91Z38,2.0933277978117606
Q8CD92,-0.03747041439711363
Q9CQ79,0.6906521270956929
Q61586,-0.04563283536841134
Q05117,0.5132121222620103
Q91VU0,5.440400473559573
Q9CWQ3,-0.04758186697431732
Q8BTR5,-0.04758186697431732
Q8BYP3,-0.0036540544485570425
Q5U458,23.204978182013072
Q06770,14.085299565587771
E9Q1P8,0.25469706772260015
Q8R1Y2,-0.04758186697431732
Q9CYD3,0.10882391268226077
Q91ZV4,-0.04758186697431732
Q61292,361.49446225713984
J3QMA2,7.65849123980291
O70303,-0.04758186697431732
P35487,43.30200072313353
A2A8T1,7.65849123980291
Q9JMC8,0.012570769368478008
Q80TV8,0.0066583681546894535
Q9DCL8,3.3784200829111137
P54754,-0.046679665761598765
Q9CX53,-0.021832859007335337
Q64695,10.972171298828822
Q9CQ88,0.15073799575525215
Q5SF07,0.011450838996331036
Q9CZE3,7.65849123980291
Q8K0G5,0.42497981631760817
P83877,-0.012201478078775252
Q8K1N2,0.13955068231879553
Q8R409,0.1773276218337736
Q8R2U4,0.05680954146953332
Q8BWY7,0.6260055962544786
Q6P549,0.12545496809484247
A0A1Y7VLT7,7.65849123980291
Q3UT53,7.65849123980291
J3QMW5,7.65849123980291
J3QPI8,7.65849123980291
Q8K0T0,0.1270598793083031
Q9R0Q4,-0.0036540544485570425
Q8R4Y4,0.5645090438431482
Q8VCU1,7.65849123980291
Q3TWL2,1.0951886837115907
Q91ZR2,0.37048810915364294
Q3TC33,1.4149577458081541
P0CW02,7.65849123980291
P0CW03,7.65849123980291
Q5SSN7,-0.04758186697431732
Q9D938,3.521286762378441
Q9JHF5,-0.01552079800620454
Q5XJY4,0.20319167921391967
O88551,0.5759192667216353
Q8VDH1,0.22746920065747878
Q8R2V5,-0.040488170949897984
Q9QXY9,0.921844689231269
Q8BGD5,-0.04429580244511733
Q8R2R6,0.2721883439539776
Q05512,0.12302850550642042
Q5QNQ6,0.061748416911613146
P83741,0.03998759820841724
B9EJI9,-0.04758186697431732
Q8BYM8,7.01845071382275
Q8R1U2,-0.03732795645826015
P20444,7.185244141766065
Q9CR30,-0.0438523523476918
Q91W82,0.27737204762953227
Q91YJ3,5.7567498719987045
Q99K23,5.05055320854619
Q6PHU5,1.5393936072816494
Q9CSV6,0.31942275715816826
Q63880,0.024647564672116484
Q9JKL5,-0.036759260614518396
Q9CY34,0.04157730375489899
P70389,0.9347143898213688
Q8BH57,0.07173295311344852
F8WIA3,7.65849123980291
P00757,7.65849123980291
Q62028,1.7364273129198335
Q922Z0,0.558006145581724
Q60992,0.4473377058340837
Q8C561,-0.03918867547754845
Q61334,4.440169760011879
Q7TMW6,0.07968724517932446
Q8R084,7.65849123980291
Q8BH15,-0.036475584286628226
Q99ME2,-0.03478275792705865
P70261,-0.01852310209096808
Q9D1Z3,-0.04758186697431732
P98203,7.65849123980291
Q91VR7,0.1847913475342362
Q6PAM0,0.7577985413839086
Q9Z0E8,3.1663699585202894
P40338,-0.04758186697431732
A2A4P0,-0.04578201209093691
Q3UHN9,-0.020935836981231137
Q9R060,5.7567498719987045
Q9JI99,-0.019408271050943338
P47879,0.10623229133492673
Q8R216,-0.04758186697431732
Q60680,0.06851762386179883
Q91Y86,0.08823324563456936
Q6PDY2,0.41950819909642023
Q6PD19,-0.04758186697431732
Q9CQI9,0.510169551454247
Q9CYI0,0.11053697741169044
Q9R049,0.0034473065502180766
Q9WUB7,7.65849123980291
Q9R1S0,0.07033142481545829
Q9CV28,-0.04758186697431732
P14873,1.6790447989719612
Q8BK67,0.883264346161968
Q08ED5,141.7300002057534
Q8BG02,0.20629875761259298
Q9D853,-0.04758186697431732
Q65Z40,-0.023640551908297502
Q9CQV6,7.65849123980291
Q8R1T4,-0.0035204131292406737
P41230,7.65849123980291
Q6PA06,0.15291897937480625
P54276,0.00525129188860185
Q7TN05,1.085509480563172
O88735,0.3098075962833464
Q8R1L4,0.15146700733416818
Q00899,0.27840426693784215
Q9Z0W3,0.39374763145991576
Q60590,417.4024227099391
Q8CJG0,0.21014591213388711
Q8BK48,7.65849123980291
Q9D920,0.5453454610431865
Q61831,0.09739509256253664
Q9DBB5,0.03445461058885324
O35425,0.16076451295935046
F6U5V1,7.65849123980291
Q9JHH9,-0.04758186697431732
Q31125,13.988679339158681
P01831,258.9950937903353
Q8BGR6,0.798224664939543
Q9CQA5,-0.03255273534237746
O35469,7.65849123980291
P01899,7.65849123980291
Q8CI08,0.11053697741169044
Q9ES28,0.5238324051046821
Q9DB70,0.9282800500827875
Q9QVN7,0.1864291526953783
Q99KW9,-0.006918602109629024
Q5ND29,0.07480779876536992
A2AIL4,0.31088149843106905
Q9EP96,7.65849123980291
Q9Z260,-0.04758186697431732
P47713,0.06607791008152075
Q8BPB5,3.0265277719243686
E9Q6H8,0.026753372599838787
Q8BXK8,-0.03690129051164304
E9PYP1,7.65849123980291
Q8R3K3,0.1357119767592101
Q4FZG7,7.65849123980291
Q61037,0.020494974514289277
Q9JHP7,-0.04758186697431732
P49183,-0.04758186697431732
Q60738,0.35667388597660277
P68404,0.8065837955069493
Q9D0K1,-0.02273444932522506
Q80XM9,0.8747004075411731
Q91YX5,0.20319167921391967
Q02384,-0.044888813907192016
B2RQY6,7.65849123980291
P54763,0.005379573476978372
Q8BFR6,-0.03832752410960949
Q8K3X4,0.17311276267876408
Q8K2Z4,-0.04548379907744626
P57080,-0.0317362850391848
Q2TBE6,0.1270598793083031
O54901,0.035153391520636124
P29416,42.5027691761631
Q64522,141.7300002057534
O70566,-0.00786783624702947
Q9D8V7,4.55333184022542
O55106,0.4473377058340837
Q99J21,-0.04758186697431732
F8VPU2,10.69623520114837
O35874,-0.025597687752534792
Q9JLR1,1.494085759484212
Q8BTZ4,0.09377076435119602
Q61176,7.606074378849003
Q8K2Z2,0.12139807229497523
Q8JZU0,-0.02260539619111057
Q9D902,-0.042381915195902176
E9QAE3,-0.036759260614518396
P59764,-0.007273996447675124
O88643,0.6260055962544786
E9PWR4,-0.020935836981231137
P49919,0.505598874552263
Q62009,74.57570479536615
O35071,0.018449717394874332
Q99JP6,0.27737204762953227
Q3ULW8,-0.04758186697431732
O88811,0.38690768378374085
Q9QXA6,-0.04758186697431732
Q8R4P9,-0.035768302434832755
Q9DBZ1,7.65849123980291
Q91YE3,0.07677125651283623
O70228,0.007040570090012466
Q8BRK8,0.5548460873240897
Q5RKZ7,0.2086119166145013
Q64437,0.4741089062089907
Q8C650,6.564389238074106
Q99M73,0.9518661683877734
Q9QWG7,0.04157730375489899
Q61245,-0.044000027897131866
Q91WM1,0.7223044051846883
Q8C7U7,-0.03450215181590577
Q6P6M5,0.6356688279380469
P51125,16.099422508797275
Q570Y9,0.6474779632971055
Q03145,0.8425632454207488
Q8CAB8,-0.04758186697431732
Q8HWB2,7.65849123980291
Q8CHC4,-0.025991690076215823
O08705,-0.04758186697431732
Q8BPG6,33.580326399575945
Q9ER64,-0.014284331438361497
Q9WUH1,0.21772146444371576
Q9Z0H7,0.20784254000786584
Q05A62,-0.046829741748346976
Q8JZZ6,-0.02837403034790098
Q80UW2,5.519120622593455
Q5I012,-0.010262703746737323
Q8VC74,0.21014591213388711
Q9CRA9,0.8447069091186874
Q8VBV3,0.2924336917975905
A2AGH6,-0.042528438069526886
Q99NB8,0.7203289522584395
Q9CXF0,13.412254993295521
Q8BJM7,-0.04758186697431732
Q99P65,-0.04758186697431732
Q9CPY0,-0.04758186697431732
Q6Y7W8,0.04010152310787096
Q91WP6,310.2189781772315
Q91WG4,-0.04758186697431732
Q6NWV3,-0.029041420709948085
P03958,0.012446641990068397
Q9QXL8,0.10709915068318954
Q91YL3,-0.016266702659290866
Q9CQ37,-0.04758186697431732
O88576,-0.04758186697431732
Q0HA38,0.37451986191181974
Q9D753,0.34284887942518494
Q80W47,0.20784254000786584
P97865,-0.04106875566731816
J3QN89,0.005507802435211984
Q9ESN6,1.251847640438037
Q8C0J2,0.09468177448677073
Q7TPS0,7.65849123980291
Q8CI59,-0.013915088307498324
Q6NZN0,-0.02055270267424425
Q5SS80,-0.011472027730026202
Q04690,0.05965912843448473
P14901,40.12231618997077
Q8BTY2,-0.034221969466788016
O35161,-0.009781233894683883
Q8BGT8,1.6790447989719612
P11590,7.65849123980291
Q08943,0.558006145581724
Q00993,-0.046529737897686996
G5E8F4,0.01832880008835369
Q9WUK4,0.023350780718598196
Q9ESN9,-0.032144094006785306
Q3UU56,7.65849123980291
Q62432,2.9224607767448156
Q80YA7,-0.036759260614518396
B1AQ75,1.383275880613899
Q5SUF2,0.7877712337806628
Q8BYZ1,0.089164812297573
Q8CCS6,5.08925382853842
O55229,0.20162819633806506
Q9CZX0,0.16970452770022604
Q9CYN9,0.34537421189475404
O88522,0.0481620021618947
P24815,7.65849123980291
Q64337,0.22560219082063182
P17717,7.65849123980291
D3YZP9,3.4854577653540417
Q9D3U4,7.65849123980291
Q8BFZ1,-0.04503735331184422
Q8VE10,-0.04758186697431732
Q91VU7,-0.006092002561564058
Q8BGF6,6.441750986500806
P70696,65.41425930372455
Q61211,-0.008225085753953087
Q8R5G7,-0.04637997459384524
Q9D4P0,0.14557706851949104
Q9Z0R4,0.13259926829707158
P31809,7.65849123980291
Q9ER39,0.5453454610431865
P97864,0.4100438735894274
Q91WD0,-0.041943132444491105
Q9DC28,-0.008941664217672063
A7VMS2,7.65849123980291
O88351,0.022877347088017475
O09161,-0.04414785281956091
O08734,1.3384855516021092
O09130,-0.01564492673562179
P31750,0.0955895023717892
Q8BL63,0.1349373307490056
Q56A08,0.045059806893529064
Q9DBL9,-0.04758186697431732
Q8VCN3,7.65849123980291
Q9CXV9,0.14258138540688137
Q9D8N2,5.05055320854619
A0A140LIT3,0.21014591213388711
O35638,0.10709915068318954
Q3TBL6,-0.04637997459384524
Q3UMU9,0.9111158505223385
Q8BWP8,0.10709915068318954
Q9JMK2,-0.04758186697431732
P56528,-0.02957716552544498
Q8VCN9,0.5937739775911162
Q6PDI6,-0.04758186697431732
Q9CQJ4,0.09285638767121296
Q8R323,0.05046245870595123
P01132,-0.0333840437740911
P70297,0.9963698093197986
Q80V42,3.4854577653540417
P41233,-0.04697989220722831
Q8C7E9,0.178999728146511
Q8VHL1,0.009067658533991052
A6H5Z3,0.2394427459960522
Q8BVA5,0.9497225377930694
Q3TLS3,0.08823324563456936
Q8VDL4,0.8065837955069493
P24638,2.648990316814103
Q6PF93,0.05392579593717017
Q80U19,0.17226369566843713
Q8BGX0,0.44883164964268984
Q62172,0.04248089584155901
Q9R008,4.47782309444152
Q9QY15,-0.04758186697431732
P56695,0.16970452770022604
Q9CYT6,2.615236900714403
Q5SWZ9,0.22219325366892573
Q31615,7.65849123980291
Q8QZR5,48.887128894747306
Q8R0F3,0.15935536614672596
Q9CQG2,-0.03255273534237746
P86049,0.048601858396413844
P97350,0.11138919194323416
Q9R0B6,0.6099265539737453
Q8CBE3,0.4263450667199118
Q91W92,0.17141267086268575
Q8BZS9,-0.04414785281956091
Q3U5C8,0.18887181129810515
Q8C5N5,-0.03394221129592967
Q8CB77,-0.03832752410960949
P53564,0.037122051970039927
Q91XI1,-0.026254823834414576
Q9CQC8,0.42908743628770196
Q8C0Q2,-0.03562719738428022
P70248,0.08256898964108972
Q9DBR7,3.3428910845257755
Q9D4V7,11.575664290574094
Q922X9,-0.041214212927516036
A2A8Z1,0.20005793355237467
Q91ZN5,0.6847065471001139
P15920,-0.041214212927516036
A2A863,0.0806515957528029
Q7TQ95,0.5453454610431865
P27808,0.10361368846560426
Q9DCL4,0.019414547328915344
Q9QUN3,-0.042235550640963515
P16054,0.03804281034588097
O35453,-0.021319728067994315
P59016,0.17395970562549778
Q91VX2,-0.03436202110501785
O08919,0.1278585588285701
P84228,7.65849123980291
Q8R4X3,7.65849123980291
Q4ACU6,7.65849123980291
P11591,7.65849123980291
Q5SSK3,0.27840426693784215
Q8BWL5,0.030336529762607034
Q91W59,0.06780855733426372
Q8C9H6,0.05467673888054203
Q8VDS4,2.124965388205999
Q80XK6,-0.03187212972513853
Q9DAT5,0.17395970562549778
Q80YR5,2.750727003105604
Q80XD1,-0.04282179424506405
Q9DBR1,0.23302977357558263
Q5DTL9,0.2093797500324075
O08688,2.4810322927788966
Q921L5,-0.012567348106541587
Q8BGQ1,0.1410704697022369
P48453,0.2237672026953419
P97377,0.07871909163245072
Q61210,0.3331843769452776
Q3U9N9,0.001889120706993097
P0C027,2.9917598036338107
Q91YJ5,2.615236900714403
Q8BWW4,-0.021832859007335337
Q8JZR6,0.22296908591267828
Q0VGB7,7.65849123980291
Q8K2A7,-0.03105877037011817
Q91VU6,0.004480015979008156
Q6P068,0.06882086255643771
Q91VJ4,0.3731375018624312
E9QA05,7.65849123980291
O35633,0.06330357942460307
Q91WC3,0.5253460608367524
O08811,0.0955895023717892
Q99LL5,0.0863595304138689
P14432,7.65849123980291
Q9JMC3,0.17141267086268575
O70622,0.5807977944689187
A2BDX3,0.3268255572564047
Q8BWG6,-0.04758186697431732
P97760,3.701519380693158
Q6ZWR4,0.4332544006782191
P59108,0.5889137364975068
Q9WVH9,7.946625577143466
Q9EPK6,-0.027974755038497667
Q91V14,0.13181521166635068
Q80U44,7.65849123980291
O35892,0.12545496809484247
P70434,1.5365572065299387
P11157,-0.018019269401993165
Q9JK88,7.65849123980291
Q8BGV0,5.796567526451173
Q9Z1K5,0.08823324563456936
Q9QXS6,43.75997893876357
Q9CQV4,-0.016516072419933026
Q8VDP3,0.030929218604146103
Q9D786,-0.04578201209093691
P43136,-0.03832752410960949
Q8CC21,0.6474779632971055
E9Q8Q6,-0.0008647654161215712
Q8K1R7,0.8191147629044735
A2RSY6,0.03975966097969086
Q8C0N2,1.8518384141431108
P00687,7.65849123980291
P35821,2.8879291471283373
Q6ZQ73,0.3814140771856409
Q00560,0.02240292222645901
Q99JY4,0.05680954146953332
Q8VHH5,-0.01062467514268528
Q8VE88,0.3299975161574047
Q8JZZ7,7.65849123980291
Q6P8N9,7.65849123980291
P29594,-0.04758186697431732
O35074,0.3289325760517472
Q99P81,-0.044888813907192016
Q80X50,0.35792300056338267
Q8BTS3,7.65849123980291
Q9QZC2,-0.03732795645826015
Q8CFG8,2.648990316814103
F8VPX2,-0.02678228058479193
Q9ERL9,0.049916699024498135
Q61635,7.65849123980291
Q99LH2,0.21546514336040423
Q8BWW9,0.27840426693784215
I7HPW8,7.65849123980291
Q9WTS2,-0.041214212927516036
Q61144,-0.04758186697431732
Q3UHD2,-0.03789847050522499
Q5DTY9,0.16006089977837323
Q8K057,7.65849123980291
P32507,0.6731512795945254
Q03249,4.141375918632433
P48725,-0.02273444932522506
Q8BYK4,3.557186794832446
Q8BH55,15.355252748100135
Q8CI33,-0.0068002737687602455
Q8BXQ2,0.46816087732674516
Q80XI4,0.6131482996729978
P15208,0.6965944734885319
B1B1B8,-0.021576142536515186
P14483,-0.04758186697431732
Q3TWN3,-0.037755638461661745
Q8BNW9,5.0119153768173526
Q99LI2,0.9850760339181921
Q8BYW9,-0.025466555078264008
Q5SUV5,0.18232068365333998
Q8VCW4,-0.02260539619111057
B2RT89,7.65849123980291
Q8BZ03,0.024412321846340568
Q9D0Z3,-0.04758186697431732
Q8K409,0.12221459073557916
P28652,0.8639920911760999
P63154,-0.0007328757025428789
P35922,0.3365121057098397
P48410,0.16076451295935046
E9QAT4,0.1181053832366663
Q8R570,-0.04637997459384524
P58404,-0.0023213871246497986
Q9DBK7,0.4979628697369427
Q8VCI0,0.9304252748534443
Q8CG14,7.65849123980291
Q8CIW6,7.65849123980291
Q80Y61,0.1410704697022369
Q8BZQ7,0.0863595304138689
O08648,-0.027709125318647776
Q99L88,8.812671379156566
Q9JI90,0.23853139258729428
B1AQP7,7.65849123980291
P50405,7.65849123980291
Q8BZ10,7.65849123980291
Q6VN19,0.009823053804152382
Q6ZQ82,-0.04637997459384524
Q8R3Q2,0.07223148260638768
P42337,0.07677125651283623
P24456,7.65849123980291
G5E897,1.1581671465185526
Q2VIS4,7.65849123980291
Q8CFI0,0.22145173407051133
Q8BZ20,-0.01171486467732874
P08553,7.65849123980291
P70175,0.07579146972194328
P55194,-0.01564492673562179
Q9CR89,0.35792300056338267
Q8BX90,0.48598873779710794
O54788,-0.04758186697431732
Q99MR0,0.21546514336040423
Q8BZF8,18.932060752651033
Q8BY71,0.26591755205212686
P21180,3.0613711406011674
P81117,4.55333184022542
Q8CI75,0.00614775991901273
Q3UKC1,0.089164812297573
P25911,0.13259926829707158
O89110,-0.026650280379407643
Q9D9M2,0.07382010855595178
Q8R480,0.10185262700960185
P21447,22.99378813589193
Q8K1N1,0.17226369566843713
Q68FF6,0.2804642230117176
Q8BWR8,-0.025466555078264008
Q80TZ3,-0.03747041439711363
P52633,0.20319167921391967
O88895,-0.03690129051164304
Q7TPD3,-0.0023213871246497986
E9PY16,-0.00990146619309129
Q9QXY1,0.1009674368142992
Q8BX17,0.05829132693625927
A2AWP8,0.20397094053694942
Q5U3K5,1.4123151276449137
Q9QX15,7.65849123980291
P82198,279.78585453510624
Q6NWW9,0.0029291563057205483
Q7TQH0,0.23670407607898825
Q62074,0.3342441863259835
Q3UZ24,7.65849123980291
Q8K1B8,1.9988715050482213
Q61129,14.278999118972452
Q8R1A4,0.08352213997687041
P06537,0.061019196060446035
Q9QVP9,-0.02586027618692166
P62069,0.05829132693625927
O54890,37.545822386123994
P08103,0.04304394084173202
P24457,0.15146700733416818
Q9R1Q9,4.178486176264564
A3KG59,0.09193861669472803
Q8R2Y3,-0.04758186697431732
Q99LG0,-0.035768302434832755
Q8BH35,13.030823557612877
E9Q5C9,0.016751116463180837
Q9JJ06,-0.013056233890244573
P97386,0.04135085819839812
O70305,0.1349373307490056
Q9Z0F8,-0.044592050959734286
P08122,274.0300633841973
Q9ET54,10.104154518412614
O89103,1.2570869425832658
Q99N69,-0.04135973857701136
Q99MP8,-0.03832752410960949
Q80Y98,-0.01552079800620454
Q9CR25,-0.0435572691810564
A2RSQ0,-0.04474039069643476
Q9DBA9,-0.04533483777971559
Q69ZT1,0.08256898964108972
P58710,7.65849123980291
B1AVY7,7.65849123980291
Q0VBD0,-0.03933260503252978
A2APV2,0.05755158075357758
Q8K2D3,-0.005386519472080464
O35239,0.18149336930952464
Q8VDR9,0.01019973300133703
P49182,24.15361639051113
Q9CS74,-0.043409960125852076
Q9CZN8,0.16798809509459378
G3X8Y1,-0.04758186697431732
P52912,0.14706199312653934
Q6GQT1,540.6156633504104
Q8BNV1,-0.027311287200946333
Q8BZ36,-0.014530974617154468
P57724,7.65849123980291
Q6P9N8,-0.04474039069643476
Q6PE87,-0.04758186697431732
Q8CJG1,0.6946139713812909
E9Q368,-0.04092344910189627
O88502,-0.04106875566731816
A2A690,-0.022992848079414707
Q8VHI3,0.089164812297573
Q9Z2R6,0.10185262700960185
Q6DFV7,0.05220039210821792
Q9R0Q1,-0.012201478078775252
P13808,0.05955418578102889
A3KGS3,0.09193861669472803
P26262,7.65849123980291
Q8BLR2,0.19927025937215537
Q6ZQ58,0.089164812297573
O70309,2.220330289151779
Q8BGB2,0.02941564880696701
Q7TMQ7,0.18805943855201002
G3UXE9,7.65849123980291
L7N463,7.65849123980291
Q80Y86,0.9850760339181921
Q6Y685,0.035153391520636124
Q9CW79,0.029530711692832723
Q8BHY3,0.07282844864132554
D3YUJ3,7.65849123980291
Q1HDU4,-0.03918867547754845
E9PYK3,1.7364273129198335
Q9QZH3,0.10448959941543312
O55098,0.12139807229497523
Q0P5X1,-0.0472806206766927
Q80UK8,-0.014038083228453346
Q60767,-0.04758186697431732
Q8K4I3,0.09468177448677073
Q8VCR8,0.10536243188065475
P97798,0.2669665541477553
O35375,-0.04518604980000973
Q9ES52,0.09377076435119602
Q76M72,7.65849123980291
P55292,0.1164429667398561
Q61072,7.65849123980291
E9PWZ3,0.8065837955069493
Q8BWJ3,0.30333518552303484
Q7TMV3,0.41274375276970465
Q6ZPR5,0.09468177448677073
Q5EG47,3.8835556465353953
Q9ES70,0.17983282590322403
Q3T9X0,17.70680406849119
Q62120,-0.04637997459384524
Q9Z0T9,0.2448774257015438
Q6PHQ8,-0.037185626094004554
E9Q2E4,-0.0333840437740911
Q3U1V6,0.04044287290695525
P23188,-0.046829741748346976
Q9D483,-0.03534528114091895
P70274,1.7077089989136787
P20782,-0.04758186697431732
Q80YA8,6.5234531284916
Q6P4S6,-0.016516072419933026
Q9DBB4,0.09009283772982224
O88572,-0.04758186697431732
O19441,7.65849123980291
Q9JM52,0.08823324563456936
Q80VA0,-0.04005398802020366
Q6PGB8,0.10882391268226077
Q6A051,-0.037755638461661745
Q8BGU5,0.1357119767592101
Q8R422,0.8768417912872584
Q6QI06,-0.012689444044706955
F8VQ05,-0.03268922054600698
A2AT37,-0.02930909277671656
Q9EQ08,4.440169760011879
Q8C3S2,-0.022476393094842506
Q8K441,-0.03024908649571989
B8JK39,-0.04326271865614817
P52293,7.65849123980291
Q8CCP0,0.001889120706993097
S4R1M9,0.10882391268226077
V9GXR0,7.65849123980291
P98195,-0.043409960125852076
O55047,0.13416029452597278
P14430,7.65849123980291
Q8CIM8,-0.03690129051164304
Q80WG5,0.005635961486705865
A6H8H2,0.07871909163245072
Q04899,-0.013178692615514964
Q6ZPJ0,0.20707149953287174
Q9WTN6,7.65849123980291
Q6P9R4,-0.027709125318647776
Q3UIZ8,0.08823324563456936
D3YYQ8,-0.012689444044706955
P41234,-0.03394221129592967
P97499,-0.03324473760653357
F6S200,-0.04563283536841134
Q6P9Z1,0.03246341698189803
P59759,-0.006918602109629024
Q6P1G0,-0.044592050959734286
Q8C341,-0.046529737897686996
P14429,7.65849123980291
Q8R418,0.006275499903053872
Q04735,0.29353036373401364
Q9EQR4,7.65849123980291
Q6GQV7,-0.031464995415165786
P11531,0.027567029787693542
Q5SFM8,0.03561811597347875
Q64446,-0.03947666133202388
P27870,-0.01074546690951872
Q61466,0.04849198496112006
Q01320,-0.011593428226305491
Q6A078,0.043829910446715026
Q61738,0.02617039035133062
Q9QZ05,-0.03228019691272144
Q80VA5,-0.04758186697431732
E9Q4N7,-0.03990946653053484
Q3V2K7,7.65849123980291
Q8BGF0,0.2924336917975905
Q6DID3,-0.02221873001893271
P35441,27.346130801067066
Q7TSH6,-0.02678228058479193
F8VQM5,0.20005793355237467
P48455,0.09285638767121296
A2ASS6,0.07073267677104211
Q9D2I5,-0.041943132444491105
Q99MV1,-0.04548379907744626
Q8K0D0,0.047941747721778505
A2AI08,-0.008344282104505996
E9Q394,7.65849123980291
Q99NI3,-0.03690129051164304
Q80UE6,-0.01465438293993182
P35918,-0.04758186697431732
P08121,1.288552643222693
Q8BJD1,22.362756070543384
Q8CAS9,-0.026123211543229274
Q62210,-0.04758186697431732
Q6PAJ1,0.03550199968653378
E9Q401,0.2638148677441683
Q3UYK3,-0.028107742764143073
Q99104,0.03340253680972172
Q8BUN5,-0.013669323171741854
B2RXR6,0.05638449197242679
E9PWI3,0.02037523229663929
O08863,-0.04758186697431732
Q62415,-0.03352342106075323
Q02111,-0.02717889978984389
Q91WH2,7.65849123980291
Q8K4Q0,-0.00966100398576153
O88879,-0.040198570085024254
B8QI36,-0.046529737897686996
Q8BH66,0.14408346735256305
A2AL36,-0.012201478078775252
Q8BZZ3,-0.046829741748346976
Q3UVX5,7.65849123980291
E9Q8I9,-0.009061335451211905
Q8BJL9,7.65849123980291
Q80U35,0.2457777615460921
Q8BW70,-0.002587262310144278
P62823,0.8768417912872584
Q80U93,0.11138919194323416
Q8BHY8,-0.04326271865614817
Q80TH2,0.06195632422316466
O70311,0.033870749757624274
B1AZI6,0.21847050230762455
Q6GYP7,7.65849123980291
Q8CIS0,-0.04563283536841134
Q9D180,-0.0316005874266313
Q61627,0.04661591380521113
O35516,-0.042381915195902176
Q8VHH7,-0.04758186697431732
F8VQ70,0.009823053804152382
Q8K4L3,0.08729818548840229
Q4KWH5,0.03480426161902894
P70704,-0.042235550640963515
Q99MW1,-0.04414785281956091
Q6V4S5,-0.041505439461013593
Q62059,2.061766358282658
Q80TP3,-0.030114519896743963
Q9JIW5,7.65849123980291
P97454,-0.009420908227563918
A2ARP1,-0.042089286966804695
Q61687,0.045727969201129204
P70340,0.07163308383415212
Q8C3Y4,0.02523450102138103
Q8BTG7,0.10007916436835096
Q68FD9,-0.04758186697431732
P11714,7.65849123980291
D3Z451,7.65849123980291
Q810U4,0.1847913475342362
Q3LAC4,-0.04758186697431732
Q3V129,-0.0472806206766927
Q7TSC1,0.005122888720472174
D3Z450,7.65849123980291
E9Q6J5,-0.029711373886793013
E9Q2M9,-0.042381915195902176
A2AVA0,-0.04474039069643476
A0A0G2JDV3,7.65849123980291
Q61789,0.0725301448889335
Q8BYY9,7.65849123980291
Q2V6D6,7.65849123980291
Q2TV84,-0.04758186697431732
Q6ZPF4,-0.012811626500556783
Q811L6,-0.020808058207826274
Q03137,-0.0472806206766927
B2RT41,0.04672672194778582
Q61772,-0.046679665761598765
Q9WUU9,-0.030114519896743963
Q8BQ48,-0.03918867547754845
Q70KF4,-0.03228019691272144
A4UUI3,-0.031464995415165786
Q8BKI2,-0.021447901731826757
Q9QY06,-0.038901180366604615
Q62413,-0.04758186697431732
Q8CBF3,-0.044592050959734286
Q8CIZ8,2.4144188161523665
E9Q9K8,-0.04758186697431732
Q8BQM9,-0.04758186697431732
Q3UGY8,-0.03976510449034876
Q61496,-0.03804135561070521
Q8VHJ5,-0.031194036981752604
P97412,-0.010262703746737323
A2AKX3,0.016629302050042316
Q61315,-0.028774174690350485
Q63870,7.65849123980291
Q7TPH6,-0.03436202110501785
Q80W93,-0.04106875566731816
E9PZQ0,-0.038901180366604615
E9Q0T8,0.007422070273721992
A0A087WR13,7.65849123980291
L7N1Y0,7.65849123980291
